--
-- PostgreSQL database dump
--

-- Dumped from database version 12.19 (Debian 12.19-1.pgdg120+1)
-- Dumped by pg_dump version 17.1

SET statement_timeout = 0;
SET lock_timeout = 0;
SET idle_in_transaction_session_timeout = 0;
SET client_encoding = 'UTF8';
SET standard_conforming_strings = on;
SET check_function_bodies = false;
SET xmloption = content;
SET client_min_messages = warning;
SET row_security = off;

--
-- Data for Name: semantic_data; Type: TABLE DATA; Schema: public; Owner: dbuser
--

INSERT INTO public.semantic_data (id, created_on, last_modified_on) VALUES ('c75937b0-6a0c-407d-9c84-f1af0fbb88b5', '2025-03-21 13:06:53.006569+00', '2025-03-21 13:08:47.732086+00');
INSERT INTO public.semantic_data (id, created_on, last_modified_on) VALUES ('8eaa1088-fcad-4d50-9756-3eeecfe9498e', '2025-03-20 16:17:43.94292+00', '2025-03-20 16:17:43.94292+00');
INSERT INTO public.semantic_data (id, created_on, last_modified_on) VALUES ('df2295ec-09c2-4295-b94e-7408bcd54b7f', '2025-03-20 16:12:53.683431+00', '2025-03-20 16:19:03.097909+00');
INSERT INTO public.semantic_data (id, created_on, last_modified_on) VALUES ('888707e3-4147-44f1-87c7-1af259bba89d', '2025-03-20 16:19:59.451319+00', '2025-03-20 16:19:59.451319+00');
INSERT INTO public.semantic_data (id, created_on, last_modified_on) VALUES ('0610fa7c-afe6-43d2-829a-247ad5918720', '2025-03-25 14:30:33.887887+00', '2025-03-25 14:30:36.810056+00');


--
-- Data for Name: document; Type: TABLE DATA; Schema: public; Owner: dbuser
--

INSERT INTO public.document (id, semantic_data_id, name, content, created_on, last_modified_on) VALUES ('ab2b828e-82d1-4f8a-8439-28ec2325f6b4', '0610fa7c-afe6-43d2-829a-247ad5918720', 'SysMLv2.sysml', '{"json":{"version":"1.0","encoding":"utf-8"},"ns":{"sysml":"http://www.eclipse.org/syson/sysml"},"migration":{"lastMigrationPerformed":"none","migrationVersion":"2025.4.0-202503171117"},"content":[{"id":"7c26fb87-405f-4f3f-802d-c22bb201b75b","eClass":"sysml:Namespace","data":{"elementId":"d92315d5-a52f-449a-867c-da20a2c699fa","ownedRelationship":[{"id":"894d9150-65ed-4ccd-be14-44deac246a3c","eClass":"sysml:OwningMembership","data":{"elementId":"1c860481-d4f6-45d0-9ee9-2d09e62b7639","ownedRelatedElement":[{"id":"5c70a721-d409-4965-b46e-2043a657c4a4","eClass":"sysml:Package","data":{"declaredName":"Package 1","elementId":"d0e0dd60-d9ae-4e20-b457-651308c263ef"}}]}}]}}]}', '2025-03-25 14:30:36.797788+00', '2025-03-25 14:30:36.797788+00');
INSERT INTO public.document (id, semantic_data_id, name, content, created_on, last_modified_on) VALUES ('b0211453-a4e1-3aae-bc09-b98aeb0da494', '8eaa1088-fcad-4d50-9756-3eeecfe9498e', 'LibraryResource2', '{"json":{"version":"1.0","encoding":"utf-8"},"ns":{"sysml":"http://www.eclipse.org/syson/sysml"},"content":[{"id":"468aef67-f720-4826-a3b9-2ae66831493d","eClass":"sysml:Namespace","data":{"elementId":"54f771c0-9bb1-48ec-84b5-cfc8c95a8f82","ownedRelationship":[{"id":"38faa091-c04b-42c5-b312-660c8e2df95e","eClass":"sysml:OwningMembership","data":{"elementId":"14e55c29-053f-44ee-a707-b73c57eca96a","ownedRelatedElement":[{"id":"758e48dc-a999-4565-99ba-2cd9f05f6961","eClass":"sysml:Package","data":{"declaredName":"Package2","elementId":"3dc870e4-ece6-472a-93ba-8be906cb49e3","ownedRelationship":[{"id":"76cbdb3f-726c-40e0-97b5-22b2a92e9fec","eClass":"sysml:NamespaceImport","data":{"elementId":"0d1def08-a21e-4653-ac3d-9dc9e10df795","importedNamespace":"sysml:LibraryPackage d7f7a617-58c3-3a56-bddc-e2e9acaddd2d#9bc9c713-6643-4fca-8440-a46f45a6ed06"}},{"id":"382db1a8-ae96-4f50-8eaa-93578e8aca54","eClass":"sysml:NamespaceImport","data":{"elementId":"14bccfd0-6724-4819-aa55-b594bb885a43","importedNamespace":"sysml:Package f4f49edd-a84d-3e9f-b00d-e5de1012ad4b#ab3954b0-bcc2-4f7a-85d4-0b949f4e8dc1"}},{"id":"34d0f0a0-15d9-4afe-ba24-ef5ecd322d57","eClass":"sysml:OwningMembership","data":{"elementId":"d5df1d5a-4268-4289-afb8-b1da48cb1402","ownedRelatedElement":[{"id":"315c5f89-1074-48c2-b852-65ccc7d1f367","eClass":"sysml:AttributeUsage","data":{"declaredName":"attribute1","elementId":"46e27323-1773-4417-bcc2-4e44d6587367","ownedRelationship":[{"id":"1796e61a-1258-4ec2-801a-62744cfd34e2","eClass":"sysml:FeatureTyping","data":{"elementId":"f4461a45-f7a2-4ed0-9a80-e39df186afdd","type":"sysml:AttributeDefinition f4f49edd-a84d-3e9f-b00d-e5de1012ad4b#499de803-a224-452e-9427-c8608138230c","typedFeature":"46e27323-1773-4417-bcc2-4e44d6587367"}}]}}]}},{"id":"c9ec7539-bf2e-48fa-ba84-0099675e4736","eClass":"sysml:OwningMembership","data":{"elementId":"ce0fd002-857c-4c1e-a7b8-d0046b4ebe9d","ownedRelatedElement":[{"id":"615c065d-2a9e-412c-bc50-924f5cc51e15","eClass":"sysml:AttributeUsage","data":{"declaredName":"attribute2","elementId":"97fa1097-2077-468e-a445-8e50f704729b","ownedRelationship":[{"id":"626d0407-14bb-4954-b6e8-ea89be823070","eClass":"sysml:FeatureTyping","data":{"elementId":"ae5084cc-cdf4-4d54-aa4a-c60f7856ef54","type":"6ef0b70f-d574-4207-bb6b-d5cb89fae04e","typedFeature":"97fa1097-2077-468e-a445-8e50f704729b"}}]}}]}},{"id":"a6c01632-c641-46ca-97a5-b044cf6c9fa0","eClass":"sysml:OwningMembership","data":{"elementId":"23977d14-0ded-4130-afe2-d99c039aed42","ownedRelatedElement":[{"id":"9ac1ab40-bd15-4935-85d9-76bf317188b0","eClass":"sysml:AttributeUsage","data":{"declaredName":"attribute3","elementId":"d3e493d8-5e4f-456b-b179-0b9b07369daf","ownedRelationship":[{"id":"3e16cde1-c143-40ac-a96d-73038ad3c360","eClass":"sysml:FeatureTyping","data":{"elementId":"b03206af-1f6e-448b-b07e-7d7b0889aa60","type":"sysml:AttributeDefinition d7f7a617-58c3-3a56-bddc-e2e9acaddd2d#4c7ef143-632b-4cb1-aed2-7a21b9cab550","typedFeature":"d3e493d8-5e4f-456b-b179-0b9b07369daf"}}]}}]}},{"id":"64206cce-13f9-47bb-88da-8f05deab3561","eClass":"sysml:OwningMembership","data":{"elementId":"9f9d5d67-1aba-4f79-b75b-63e4f47027cc","ownedRelatedElement":[{"id":"5860e9a8-fee1-47e6-870a-a29be8452eea","eClass":"sysml:AttributeDefinition","data":{"declaredName":"AttributeDefinition2","elementId":"6ef0b70f-d574-4207-bb6b-d5cb89fae04e"}}]}}]}}]}}]}}]}', '2025-03-20 16:17:43.940386+00', '2025-03-20 16:17:43.940386+00');
INSERT INTO public.document (id, semantic_data_id, name, content, created_on, last_modified_on) VALUES ('d7f7a617-58c3-3a56-bddc-e2e9acaddd2d', '8eaa1088-fcad-4d50-9756-3eeecfe9498e', 'LibraryResource3', '{"json":{"version":"1.0","encoding":"utf-8"},"ns":{"sysml":"http://www.eclipse.org/syson/sysml"},"content":[{"id":"b10afb04-13b0-4723-bb39-8083a03d6b9c","eClass":"sysml:Namespace","data":{"elementId":"40fea887-7f4b-4d59-8fa0-4ed9a3135863","ownedRelationship":[{"id":"26994c9b-30f3-4eb5-b9a9-df26e664b91f","eClass":"sysml:OwningMembership","data":{"elementId":"fe58afbd-cb65-4d6f-a22a-8231be10333b","ownedRelatedElement":[{"id":"5eca0e55-1b36-4178-b8d3-ac5e3a87d2e1","eClass":"sysml:LibraryPackage","data":{"declaredName":"LibraryPackage1","elementId":"9bc9c713-6643-4fca-8440-a46f45a6ed06","ownedRelationship":[{"id":"55120535-76bc-4abf-b424-e0ef8fe9a5a4","eClass":"sysml:OwningMembership","data":{"elementId":"59cb61e4-6b9f-4541-a09d-b80bc10e7523","ownedRelatedElement":[{"id":"d6521939-e69c-44a5-bf51-2326f3cac894","eClass":"sysml:AttributeDefinition","data":{"declaredName":"AttributeDefinition3","elementId":"4c7ef143-632b-4cb1-aed2-7a21b9cab550"}}]}}]}}]}}]}}]}', '2025-03-20 16:17:43.940386+00', '2025-03-20 16:17:43.940386+00');
INSERT INTO public.document (id, semantic_data_id, name, content, created_on, last_modified_on) VALUES ('f4f49edd-a84d-3e9f-b00d-e5de1012ad4b', '8eaa1088-fcad-4d50-9756-3eeecfe9498e', 'LibraryResource1', '{"json":{"version":"1.0","encoding":"utf-8"},"ns":{"sysml":"http://www.eclipse.org/syson/sysml"},"content":[{"id":"11434bf4-21e6-4b0f-92b5-be037b3ba74e","eClass":"sysml:Namespace","data":{"elementId":"53306575-e1e7-435e-97cc-1f5cdeb7700f","ownedRelationship":[{"id":"2334d9e8-e3fd-4f39-aa03-6f57ab998b5e","eClass":"sysml:OwningMembership","data":{"elementId":"abd792c6-7fbd-4ea4-89eb-f77bc63843c6","ownedRelatedElement":[{"id":"f8a0ee9a-56ad-49c8-b4d5-12bfcfe07bd4","eClass":"sysml:Package","data":{"declaredName":"Package1","elementId":"ab3954b0-bcc2-4f7a-85d4-0b949f4e8dc1","ownedRelationship":[{"id":"0604befb-7a41-4ab3-a0ec-ffbbd292882a","eClass":"sysml:OwningMembership","data":{"elementId":"3c687adc-6d72-49fe-8c51-f4c453531c6f","ownedRelatedElement":[{"id":"95ba8333-7e8a-490e-b99e-58bfa4ffb8b9","eClass":"sysml:AttributeDefinition","data":{"declaredName":"AttributeDefinition1","elementId":"499de803-a224-452e-9427-c8608138230c"}}]}}]}}]}}]}}]}', '2025-03-20 16:17:43.938879+00', '2025-03-20 16:17:43.938879+00');
INSERT INTO public.document (id, semantic_data_id, name, content, created_on, last_modified_on) VALUES ('5e850815-71cc-4cb3-ac87-395b92c2bb87', 'df2295ec-09c2-4295-b94e-7408bcd54b7f', 'LibraryResource2', '{"json":{"version":"1.0","encoding":"utf-8"},"ns":{"sysml":"http://www.eclipse.org/syson/sysml"},"migration":{"lastMigrationPerformed":"none","migrationVersion":"2025.4.0-202503171117"},"content":[{"id":"8befbe61-2d06-40b5-ac72-933a59aa28eb","eClass":"sysml:Namespace","data":{"elementId":"54f771c0-9bb1-48ec-84b5-cfc8c95a8f82","ownedRelationship":[{"id":"acd8bf7c-0c71-408d-930a-1ca7edf52363","eClass":"sysml:OwningMembership","data":{"elementId":"14e55c29-053f-44ee-a707-b73c57eca96a","ownedRelatedElement":[{"id":"a4ad5490-b9a7-4322-bcb9-6c36f2a614ae","eClass":"sysml:Package","data":{"declaredName":"Package2","elementId":"3dc870e4-ece6-472a-93ba-8be906cb49e3","ownedRelationship":[{"id":"16fa98d4-ae8d-4c88-81ea-3faa5ee0b12c","eClass":"sysml:NamespaceImport","data":{"elementId":"0d1def08-a21e-4653-ac3d-9dc9e10df795","importedNamespace":"sysml:LibraryPackage 14ae660f-f7c3-4b26-9b53-71a4ebea5852#9bc9c713-6643-4fca-8440-a46f45a6ed06"}},{"id":"21fdeb2c-08d2-4396-b7ed-5ee4a4ee875c","eClass":"sysml:NamespaceImport","data":{"elementId":"14bccfd0-6724-4819-aa55-b594bb885a43"}},{"id":"1e3e5da3-2c05-4882-bca5-ca69eed5582f","eClass":"sysml:OwningMembership","data":{"elementId":"d5df1d5a-4268-4289-afb8-b1da48cb1402","ownedRelatedElement":[{"id":"c5c93261-3c94-44d6-b851-eda6b2a07333","eClass":"sysml:AttributeUsage","data":{"declaredName":"attribute1","elementId":"46e27323-1773-4417-bcc2-4e44d6587367","ownedRelationship":[{"id":"988c63ef-9541-48de-b48e-d15842d891a8","eClass":"sysml:FeatureTyping","data":{"elementId":"f4461a45-f7a2-4ed0-9a80-e39df186afdd","type":"sysml:AttributeDefinition 14ae660f-f7c3-4b26-9b53-71a4ebea5852#499de803-a224-452e-9427-c8608138230c","typedFeature":"46e27323-1773-4417-bcc2-4e44d6587367"}}]}}]}},{"id":"479263c9-1168-429f-8581-e857a422e2bb","eClass":"sysml:OwningMembership","data":{"elementId":"ce0fd002-857c-4c1e-a7b8-d0046b4ebe9d","ownedRelatedElement":[{"id":"4a0e1872-9087-4c0c-bd3d-4ee27f15b6cb","eClass":"sysml:AttributeUsage","data":{"declaredName":"attribute2","elementId":"97fa1097-2077-468e-a445-8e50f704729b","ownedRelationship":[{"id":"588caf7e-9712-4a78-bbce-2537025f725e","eClass":"sysml:FeatureTyping","data":{"elementId":"ae5084cc-cdf4-4d54-aa4a-c60f7856ef54","type":"6ef0b70f-d574-4207-bb6b-d5cb89fae04e","typedFeature":"97fa1097-2077-468e-a445-8e50f704729b"}}]}}]}},{"id":"a871923d-8e46-4ba0-86a2-2532448ef7ca","eClass":"sysml:OwningMembership","data":{"elementId":"23977d14-0ded-4130-afe2-d99c039aed42","ownedRelatedElement":[{"id":"95e54e1b-3fd2-418d-b56a-bbf94b78a0a2","eClass":"sysml:AttributeUsage","data":{"declaredName":"attribute3","elementId":"d3e493d8-5e4f-456b-b179-0b9b07369daf"}}]}},{"id":"d954e809-f3a5-4e15-bdab-04ebdb1c568e","eClass":"sysml:OwningMembership","data":{"elementId":"9f9d5d67-1aba-4f79-b75b-63e4f47027cc","ownedRelatedElement":[{"id":"24d8a829-0522-4e92-be30-991c460a66bc","eClass":"sysml:AttributeDefinition","data":{"declaredName":"AttributeDefinition2","elementId":"6ef0b70f-d574-4207-bb6b-d5cb89fae04e"}}]}},{"id":"69f39dae-c5ec-4f2b-ae51-1874d996fe35","eClass":"sysml:OwningMembership","data":{"elementId":"fddcb054-b302-4ff0-a4e1-888c9f0f8b89","ownedRelatedElement":[{"id":"1e48aa56-0601-4f9a-97d0-a5f992671216","eClass":"sysml:AttributeUsage","data":{"declaredName":"attribute4","elementId":"adbcd799-a773-43ea-ba90-8552fcdd5c15","ownedRelationship":[{"id":"38c6687d-a8ef-47f7-9811-9ae1918b41b0","eClass":"sysml:FeatureTyping","data":{"elementId":"2c931da4-4e8b-4938-beff-e5cb39d47331","type":"sysml:AttributeDefinition 14ae660f-f7c3-4b26-9b53-71a4ebea5852#499de803-a224-452e-9427-c8608138230c","typedFeature":"adbcd799-a773-43ea-ba90-8552fcdd5c15"}}]}}]}}]}}]}}]}}]}', '2025-03-20 16:19:03.097909+00', '2025-03-20 16:19:03.097909+00');
INSERT INTO public.document (id, semantic_data_id, name, content, created_on, last_modified_on) VALUES ('14ae660f-f7c3-4b26-9b53-71a4ebea5852', 'df2295ec-09c2-4295-b94e-7408bcd54b7f', 'LibraryResource3', '{"json":{"version":"1.0","encoding":"utf-8"},"ns":{"sysml":"http://www.eclipse.org/syson/sysml"},"migration":{"lastMigrationPerformed":"none","migrationVersion":"2025.4.0-202503171117"},"content":[{"id":"77f86c93-a87d-4337-9ceb-b838287b8175","eClass":"sysml:Namespace","data":{"elementId":"40fea887-7f4b-4d59-8fa0-4ed9a3135863","ownedRelationship":[{"id":"d91e4a92-b2db-44be-92fe-c654d6d45727","eClass":"sysml:OwningMembership","data":{"elementId":"fe58afbd-cb65-4d6f-a22a-8231be10333b","ownedRelatedElement":[{"id":"f0000677-5825-44fc-8f42-28c4b6b0c611","eClass":"sysml:LibraryPackage","data":{"declaredName":"LibraryPackage1","elementId":"9bc9c713-6643-4fca-8440-a46f45a6ed06","ownedRelationship":[{"id":"f6fe1655-dc9f-4bb9-9756-ba5c39fa65e3","eClass":"sysml:OwningMembership","data":{"elementId":"3c687adc-6d72-49fe-8c51-f4c453531c6f","ownedRelatedElement":[{"id":"61ba2350-c87e-47a8-844d-af737cc3d8bc","eClass":"sysml:AttributeDefinition","data":{"declaredName":"RenamedAndMovedAttributeDefinition1","elementId":"499de803-a224-452e-9427-c8608138230c"}}]}}]}}]}}]}}]}', '2025-03-20 16:18:46.879066+00', '2025-03-20 16:18:46.879066+00');
INSERT INTO public.document (id, semantic_data_id, name, content, created_on, last_modified_on) VALUES ('b0211453-a4e1-3aae-bc09-b98aeb0da494', '888707e3-4147-44f1-87c7-1af259bba89d', 'LibraryResource2', '{"json":{"version":"1.0","encoding":"utf-8"},"ns":{"sysml":"http://www.eclipse.org/syson/sysml"},"content":[{"id":"7ae2343c-0a52-4310-9cf3-3bf7ac656658","eClass":"sysml:Namespace","data":{"elementId":"54f771c0-9bb1-48ec-84b5-cfc8c95a8f82","ownedRelationship":[{"id":"dad33737-ccae-41ae-a747-990fe94164b0","eClass":"sysml:OwningMembership","data":{"elementId":"14e55c29-053f-44ee-a707-b73c57eca96a","ownedRelatedElement":[{"id":"7230b188-bebe-49c5-b741-982556cbe9b5","eClass":"sysml:Package","data":{"declaredName":"Package2","elementId":"3dc870e4-ece6-472a-93ba-8be906cb49e3","ownedRelationship":[{"id":"5f132944-e478-407f-8db7-6ab355ad7bd3","eClass":"sysml:NamespaceImport","data":{"elementId":"0d1def08-a21e-4653-ac3d-9dc9e10df795","importedNamespace":"sysml:LibraryPackage d7f7a617-58c3-3a56-bddc-e2e9acaddd2d#9bc9c713-6643-4fca-8440-a46f45a6ed06"}},{"id":"e2663e91-4aad-4bb5-baad-dca7392d403d","eClass":"sysml:NamespaceImport","data":{"elementId":"14bccfd0-6724-4819-aa55-b594bb885a43"}},{"id":"544b477a-d096-42be-84cf-b016a2b3a181","eClass":"sysml:OwningMembership","data":{"elementId":"d5df1d5a-4268-4289-afb8-b1da48cb1402","ownedRelatedElement":[{"id":"7a449af1-ce22-427c-b6f5-0c15521a279d","eClass":"sysml:AttributeUsage","data":{"declaredName":"attribute1","elementId":"46e27323-1773-4417-bcc2-4e44d6587367","ownedRelationship":[{"id":"e6315ac7-fb48-4ac8-ae75-d43162da2612","eClass":"sysml:FeatureTyping","data":{"elementId":"f4461a45-f7a2-4ed0-9a80-e39df186afdd","type":"sysml:AttributeDefinition d7f7a617-58c3-3a56-bddc-e2e9acaddd2d#499de803-a224-452e-9427-c8608138230c","typedFeature":"46e27323-1773-4417-bcc2-4e44d6587367"}}]}}]}},{"id":"119c2b7c-a1bc-473a-8c0e-1f4f944382a4","eClass":"sysml:OwningMembership","data":{"elementId":"ce0fd002-857c-4c1e-a7b8-d0046b4ebe9d","ownedRelatedElement":[{"id":"6c92ea27-9a2b-463f-9a97-68cd705b0395","eClass":"sysml:AttributeUsage","data":{"declaredName":"attribute2","elementId":"97fa1097-2077-468e-a445-8e50f704729b","ownedRelationship":[{"id":"9daba59c-62aa-412a-9ac1-bd4e1e58d842","eClass":"sysml:FeatureTyping","data":{"elementId":"ae5084cc-cdf4-4d54-aa4a-c60f7856ef54","type":"6ef0b70f-d574-4207-bb6b-d5cb89fae04e","typedFeature":"97fa1097-2077-468e-a445-8e50f704729b"}}]}}]}},{"id":"dfce7f6f-c0cf-4466-91bf-810d5d0f8afa","eClass":"sysml:OwningMembership","data":{"elementId":"23977d14-0ded-4130-afe2-d99c039aed42","ownedRelatedElement":[{"id":"c1c6c7fa-3e18-4b68-9a89-6ae6835ba251","eClass":"sysml:AttributeUsage","data":{"declaredName":"attribute3","elementId":"d3e493d8-5e4f-456b-b179-0b9b07369daf"}}]}},{"id":"bf287db9-314e-4c13-af5c-e56ecb645277","eClass":"sysml:OwningMembership","data":{"elementId":"9f9d5d67-1aba-4f79-b75b-63e4f47027cc","ownedRelatedElement":[{"id":"aa21dad1-acc5-4fbe-a617-0256457d0125","eClass":"sysml:AttributeDefinition","data":{"declaredName":"AttributeDefinition2","elementId":"6ef0b70f-d574-4207-bb6b-d5cb89fae04e"}}]}},{"id":"e90eda49-8cec-47c5-9bfa-28e4ec20d922","eClass":"sysml:OwningMembership","data":{"elementId":"fddcb054-b302-4ff0-a4e1-888c9f0f8b89","ownedRelatedElement":[{"id":"5554c976-aa74-4f05-8ac1-30a29a0c644c","eClass":"sysml:AttributeUsage","data":{"declaredName":"attribute4","elementId":"adbcd799-a773-43ea-ba90-8552fcdd5c15","ownedRelationship":[{"id":"1e1f0962-78c3-47e9-a08c-d7dc18afae3d","eClass":"sysml:FeatureTyping","data":{"elementId":"2c931da4-4e8b-4938-beff-e5cb39d47331","type":"sysml:AttributeDefinition d7f7a617-58c3-3a56-bddc-e2e9acaddd2d#499de803-a224-452e-9427-c8608138230c","typedFeature":"adbcd799-a773-43ea-ba90-8552fcdd5c15"}}]}}]}}]}}]}}]}}]}', '2025-03-20 16:19:59.451319+00', '2025-03-20 16:19:59.451319+00');
INSERT INTO public.document (id, semantic_data_id, name, content, created_on, last_modified_on) VALUES ('d7f7a617-58c3-3a56-bddc-e2e9acaddd2d', '888707e3-4147-44f1-87c7-1af259bba89d', 'LibraryResource3', '{"json":{"version":"1.0","encoding":"utf-8"},"ns":{"sysml":"http://www.eclipse.org/syson/sysml"},"content":[{"id":"3f4631a4-7708-4178-9b06-b78b78d308da","eClass":"sysml:Namespace","data":{"elementId":"40fea887-7f4b-4d59-8fa0-4ed9a3135863","ownedRelationship":[{"id":"5e5fb36c-558d-4a8f-9dfc-bfbe0f1ecad9","eClass":"sysml:OwningMembership","data":{"elementId":"fe58afbd-cb65-4d6f-a22a-8231be10333b","ownedRelatedElement":[{"id":"fc8a8330-b3a0-4c8b-9838-7120add58ecf","eClass":"sysml:LibraryPackage","data":{"declaredName":"LibraryPackage1","elementId":"9bc9c713-6643-4fca-8440-a46f45a6ed06","ownedRelationship":[{"id":"d28bd358-ad83-485e-a1f2-38fc5befdf82","eClass":"sysml:OwningMembership","data":{"elementId":"3c687adc-6d72-49fe-8c51-f4c453531c6f","ownedRelatedElement":[{"id":"dc6475bd-e148-4f77-a3f5-afef43d98196","eClass":"sysml:AttributeDefinition","data":{"declaredName":"RenamedAndMovedAttributeDefinition1","elementId":"499de803-a224-452e-9427-c8608138230c"}}]}}]}}]}}]}}]}', '2025-03-20 16:19:59.451319+00', '2025-03-20 16:19:59.451319+00');
INSERT INTO public.document (id, semantic_data_id, name, content, created_on, last_modified_on) VALUES ('ef364f8e-2fbe-4068-a746-687f6d33762c', 'c75937b0-6a0c-407d-9c84-f1af0fbb88b5', 'ProjectUsingMyLibraryV1', '{"json":{"version":"1.0","encoding":"utf-8"},"ns":{"sysml":"http://www.eclipse.org/syson/sysml"},"migration":{"lastMigrationPerformed":"none","migrationVersion":"2025.4.0-202503171117"},"content":[{"id":"cb26360a-df6c-48e4-a36a-0f6c037e274a","eClass":"sysml:Namespace","data":{"elementId":"f0b4da0f-2637-4272-9432-d19bd9eeead3","ownedRelationship":[{"id":"59362506-8c4f-4898-96b5-029836dda37c","eClass":"sysml:OwningMembership","data":{"elementId":"2878b744-4c7b-46df-bf14-a6856bca4756","ownedRelatedElement":[{"id":"794d722f-2a4e-452e-a7af-ac853a30189f","eClass":"sysml:Package","data":{"declaredName":"Package0","elementId":"1b8f77a5-1955-4094-9cc2-80ebb478274e","ownedRelationship":[{"id":"39427897-55a2-4d58-8987-ea1ed502c4a8","eClass":"sysml:NamespaceImport","data":{"elementId":"8b822a2c-3485-495c-91f7-d01a4061c497","importedNamespace":"sysml:LibraryPackage d7f7a617-58c3-3a56-bddc-e2e9acaddd2d#9bc9c713-6643-4fca-8440-a46f45a6ed06"}},{"id":"d6296bc0-4abd-4eee-9f78-5d69a65614af","eClass":"sysml:NamespaceImport","data":{"elementId":"f28a1482-940e-4204-b60d-20b9ddf52ac0","importedNamespace":"sysml:Package b0211453-a4e1-3aae-bc09-b98aeb0da494#3dc870e4-ece6-472a-93ba-8be906cb49e3"}},{"id":"5a0a48ed-79f4-4854-b005-22e3b22d5f05","eClass":"sysml:NamespaceImport","data":{"elementId":"ba9efdd9-c7af-4ffd-a5b6-2ba093f29d43","importedNamespace":"sysml:Package f4f49edd-a84d-3e9f-b00d-e5de1012ad4b#ab3954b0-bcc2-4f7a-85d4-0b949f4e8dc1"}},{"id":"03c1bd1e-5470-4ec6-9bf8-7a5804326324","eClass":"sysml:OwningMembership","data":{"elementId":"fdc0b32a-4af2-43b6-8b4d-3b42ad5eaddf","ownedRelatedElement":[{"id":"36abf9dc-9d58-4dac-9421-3a3e4001302b","eClass":"sysml:AttributeUsage","data":{"declaredName":"attribute1","elementId":"37808a17-85d7-4c52-93a0-311ce11ad814","ownedRelationship":[{"id":"288ad852-31b3-465d-ae2d-4b92f13d7296","eClass":"sysml:FeatureTyping","data":{"elementId":"561aeebd-5109-4c56-9853-5c881bcf7fb5","type":"sysml:AttributeDefinition f4f49edd-a84d-3e9f-b00d-e5de1012ad4b#499de803-a224-452e-9427-c8608138230c","typedFeature":"37808a17-85d7-4c52-93a0-311ce11ad814"}}]}}]}},{"id":"103c5f68-34c2-462c-a6ac-78a4f995b9e8","eClass":"sysml:OwningMembership","data":{"elementId":"f3354c93-2dec-44a1-a15a-770655ef05e9","ownedRelatedElement":[{"id":"630f6442-988c-4663-9bd2-3adf0db6d77c","eClass":"sysml:AttributeUsage","data":{"declaredName":"attribute2","elementId":"133974f0-188f-4038-b440-cd4c9072a58f","ownedRelationship":[{"id":"59dd704a-3e70-45f6-bca5-c90d0823eb2c","eClass":"sysml:FeatureTyping","data":{"elementId":"d3b417b7-ec88-43a2-af61-e2b33bbbfaf9","type":"sysml:AttributeDefinition b0211453-a4e1-3aae-bc09-b98aeb0da494#6ef0b70f-d574-4207-bb6b-d5cb89fae04e","typedFeature":"133974f0-188f-4038-b440-cd4c9072a58f"}}]}}]}},{"id":"403bf014-ab02-4693-bf2c-ac63e7f16c75","eClass":"sysml:OwningMembership","data":{"elementId":"cb04faff-5599-4459-9d0b-4b4e518af4f7","ownedRelatedElement":[{"id":"d1f2854c-7391-45aa-b5ea-502021253d16","eClass":"sysml:AttributeUsage","data":{"declaredName":"attribute3","elementId":"babd3e7f-e5ba-49a4-add7-a4e73857d784","ownedRelationship":[{"id":"7a8c086f-68c7-41f1-b856-335c2d371f02","eClass":"sysml:FeatureTyping","data":{"elementId":"6e744570-9f04-46ff-9a97-7bcf0e94b3f3","type":"sysml:AttributeDefinition d7f7a617-58c3-3a56-bddc-e2e9acaddd2d#4c7ef143-632b-4cb1-aed2-7a21b9cab550","typedFeature":"babd3e7f-e5ba-49a4-add7-a4e73857d784"}}]}}]}}]}}]}}]}}]}', '2025-03-21 13:08:47.732086+00', '2025-03-21 13:08:47.732086+00');


--
-- Data for Name: image; Type: TABLE DATA; Schema: public; Owner: dbuser
--



--
-- Data for Name: library; Type: TABLE DATA; Schema: public; Owner: dbuser
--

INSERT INTO public.library (id, namespace, name, version, semantic_data_id, description, created_on, last_modified_on) VALUES ('2d354039-42f2-4051-bd5c-be0fba1ed444', '1f575d14-57a6-45ec-882b-569055bfa6ba', 'MyLibrary', 'v1', '8eaa1088-fcad-4d50-9756-3eeecfe9498e', '3 resources with Attribute and AttributeDefinition 1/2/3', '2025-03-20 16:17:43.981284+00', '2025-03-20 16:17:43.981284+00');
INSERT INTO public.library (id, namespace, name, version, semantic_data_id, description, created_on, last_modified_on) VALUES ('010e1791-d888-40d6-b2bb-dfb675eb95ed', '1f575d14-57a6-45ec-882b-569055bfa6ba', 'MyLibrary', 'v2', '888707e3-4147-44f1-87c7-1af259bba89d', 'Deleted LibraryResource1, deleted AttributeDefinition3, renamed and moved AttributeDefinition1, added attribute4', '2025-03-20 16:19:59.474759+00', '2025-03-20 16:19:59.474759+00');


--
-- Data for Name: project; Type: TABLE DATA; Schema: public; Owner: dbuser
--

INSERT INTO public.project (id, name, created_on, last_modified_on) VALUES ('1f575d14-57a6-45ec-882b-569055bfa6ba', 'MyLibrary', '2025-03-20 16:12:53.467576+00', '2025-03-20 16:13:10.318046+00');
INSERT INTO public.project (id, name, created_on, last_modified_on) VALUES ('857d4d2a-a32c-4643-9771-83af190fe3ac', 'ProjectUsingMyLibraryV1', '2025-03-21 13:06:52.813553+00', '2025-03-21 13:07:48.953263+00');
INSERT INTO public.project (id, name, created_on, last_modified_on) VALUES ('5503cb00-bc2a-46b5-9118-2128244de053', 'ProjectUsingNoLibraries', '2025-03-25 14:30:33.732611+00', '2025-03-25 14:30:59.643611+00');


--
-- Data for Name: nature; Type: TABLE DATA; Schema: public; Owner: dbuser
--



--
-- Data for Name: project_image; Type: TABLE DATA; Schema: public; Owner: dbuser
--



--
-- Data for Name: project_semantic_data; Type: TABLE DATA; Schema: public; Owner: dbuser
--

INSERT INTO public.project_semantic_data (id, project_id, semantic_data_id, name, created_on, last_modified_on) VALUES ('81d4b08f-97d6-4c85-bb14-32e0174a3935', '1f575d14-57a6-45ec-882b-569055bfa6ba', 'df2295ec-09c2-4295-b94e-7408bcd54b7f', 'main', '2025-03-20 16:12:53.712036+00', '2025-03-20 16:12:53.712036+00');
INSERT INTO public.project_semantic_data (id, project_id, semantic_data_id, name, created_on, last_modified_on) VALUES ('9fe0a04d-f466-463b-a2e9-636a892d8dde', '857d4d2a-a32c-4643-9771-83af190fe3ac', 'c75937b0-6a0c-407d-9c84-f1af0fbb88b5', 'main', '2025-03-21 13:06:53.039342+00', '2025-03-21 13:06:53.039342+00');
INSERT INTO public.project_semantic_data (id, project_id, semantic_data_id, name, created_on, last_modified_on) VALUES ('cee7f2d5-d491-4a57-b42e-3b22e4556b85', '5503cb00-bc2a-46b5-9118-2128244de053', '0610fa7c-afe6-43d2-829a-247ad5918720', 'main', '2025-03-25 14:30:33.909891+00', '2025-03-25 14:30:33.909891+00');


--
-- Data for Name: representation_metadata; Type: TABLE DATA; Schema: public; Owner: dbuser
--



--
-- Data for Name: representation_content; Type: TABLE DATA; Schema: public; Owner: dbuser
--



--
-- Data for Name: semantic_data_dependency; Type: TABLE DATA; Schema: public; Owner: dbuser
--

INSERT INTO public.semantic_data_dependency (semantic_data_id, dependency_semantic_data_id, index) VALUES ('c75937b0-6a0c-407d-9c84-f1af0fbb88b5', '8eaa1088-fcad-4d50-9756-3eeecfe9498e', 0);


--
-- Data for Name: semantic_data_domain; Type: TABLE DATA; Schema: public; Owner: dbuser
--

INSERT INTO public.semantic_data_domain (semantic_data_id, uri) VALUES ('0610fa7c-afe6-43d2-829a-247ad5918720', 'http://www.eclipse.org/syson/sysml');
INSERT INTO public.semantic_data_domain (semantic_data_id, uri) VALUES ('8eaa1088-fcad-4d50-9756-3eeecfe9498e', 'http://www.eclipse.org/syson/sysml');
INSERT INTO public.semantic_data_domain (semantic_data_id, uri) VALUES ('df2295ec-09c2-4295-b94e-7408bcd54b7f', 'http://www.eclipse.org/syson/sysml');
INSERT INTO public.semantic_data_domain (semantic_data_id, uri) VALUES ('888707e3-4147-44f1-87c7-1af259bba89d', 'http://www.eclipse.org/syson/sysml');
INSERT INTO public.semantic_data_domain (semantic_data_id, uri) VALUES ('c75937b0-6a0c-407d-9c84-f1af0fbb88b5', 'http://www.eclipse.org/syson/sysml');


--
-- PostgreSQL database dump complete
--

