--
-- PostgreSQL database dump
--

-- Dumped from database version 12.18 (Debian 12.18-1.pgdg120+2)
-- Dumped by pg_dump version 16.3

SET statement_timeout = 0;
SET lock_timeout = 0;
SET idle_in_transaction_session_timeout = 0;
SET client_encoding = 'UTF8';
SET standard_conforming_strings = on;
SET check_function_bodies = false;
SET xmloption = content;
SET client_min_messages = warning;
SET row_security = off;

--
-- Data for Name: semantic_data; Type: TABLE DATA; Schema: public; Owner: dbuser
--

INSERT INTO public.semantic_data (id, created_on, last_modified_on) VALUES ('bb9678c1-8f2e-440f-be06-628d1930ffc2', '2025-11-28 10:27:13.024578+00', '2025-11-28 10:27:36.313036+00');
INSERT INTO public.semantic_data (id, created_on, last_modified_on) VALUES ('0e6584c5-3a49-43eb-a30a-8d71beb5ba10', '2025-11-28 10:31:19.23954+00', '2025-11-28 10:31:19.23954+00');
INSERT INTO public.semantic_data (id, created_on, last_modified_on) VALUES ('5d088815-978f-401a-96be-b970dec4b0a6', '2025-11-28 10:27:52.836659+00', '2025-11-28 10:35:42.349548+00');
INSERT INTO public.semantic_data (id, created_on, last_modified_on) VALUES ('a4aa2de2-cfaa-4d75-9c5d-6fd2b6c7f0fd', '2025-11-28 10:35:51.888605+00', '2025-11-28 10:35:51.888605+00');
INSERT INTO public.semantic_data (id, created_on, last_modified_on) VALUES ('09ba2e1b-7f2b-4c5f-a536-9624ba470f74', '2025-11-28 10:31:34.095066+00', '2025-11-28 10:46:11.528988+00');


--
-- Data for Name: document; Type: TABLE DATA; Schema: public; Owner: dbuser
--

INSERT INTO public.document (id, semantic_data_id, name, content, created_on, last_modified_on, is_read_only) VALUES ('4685e189-c7da-44d1-ad90-996c9eba4891', 'bb9678c1-8f2e-440f-be06-628d1930ffc2', 'SysMLv2.sysml', '{"json":{"version":"1.0","encoding":"utf-8"},"ns":{"sysml":"http://www.eclipse.org/syson/sysml"},"migration":{"lastMigrationPerformed":"none","migrationVersion":"2025.8.0-202508220000"},"content":[{"id":"1c11daa6-8ed7-41ee-a63e-60d56b9291dc","eClass":"sysml:Namespace","data":{"elementId":"3331eab8-8f09-4813-a77c-d6d4875d677b","ownedRelationship":[{"id":"ef677a23-77e6-45d3-8627-ce9773711dea","eClass":"sysml:OwningMembership","data":{"elementId":"d87dc457-a335-4d0b-9a93-b4657b739b69","ownedRelatedElement":[{"id":"887e8ad0-60f2-472c-9abc-725481fcbb17","eClass":"sysml:Package","data":{"declaredName":"Package1","elementId":"b91d670f-2fea-4c7c-8d09-f949ed82a552"}}]}}]}}]}', '2025-11-28 10:27:36.313036+00', '2025-11-28 10:27:36.313036+00', false);
INSERT INTO public.document (id, semantic_data_id, name, content, created_on, last_modified_on, is_read_only) VALUES ('441e2fa4-6564-4a9a-b06f-607f541d038f', '5d088815-978f-401a-96be-b970dec4b0a6', 'LibraryResource3', '{"json":{"version":"1.0","encoding":"utf-8"},"ns":{"sysml":"http://www.eclipse.org/syson/sysml"},"migration":{"lastMigrationPerformed":"none","migrationVersion":"2025.8.0-202508220000"},"content":[{"id":"b1c80afd-0c84-4287-99ca-766947f3e797","eClass":"sysml:Namespace","data":{"elementId":"ee83d13f-668d-4757-8aa5-3e4e39c30148","ownedRelationship":[{"id":"fbf8d217-1481-4dc5-95c4-b595811c534c","eClass":"sysml:OwningMembership","data":{"elementId":"81926eb6-4a35-41df-900f-513d825d24f9","ownedRelatedElement":[{"id":"3cf13cf5-f6fd-4d22-bd4f-71c2c5db67e1","eClass":"sysml:LibraryPackage","data":{"declaredName":"LibraryPackage1","elementId":"9f5bad4d-735c-4a9e-a8e3-b065ff9a998c","ownedRelationship":[{"id":"c180c99b-9159-426d-a6f1-33413550fb4c","eClass":"sysml:OwningMembership","data":{"elementId":"5a1d2bc7-f361-4f2a-8264-8e7c188f6d8d","ownedRelatedElement":[{"id":"60206a12-f2cf-42e6-ab64-4f3f4aab86dc","eClass":"sysml:AttributeDefinition","data":{"declaredName":"RenamedAndMovedAttributeDefinition1","elementId":"5f7370f9-84bf-4fc6-bf00-47b4a60252ef"}}]}}]}}]}}]}}]}', '2025-11-28 10:34:15.008706+00', '2025-11-28 10:34:15.008706+00', false);
INSERT INTO public.document (id, semantic_data_id, name, content, created_on, last_modified_on, is_read_only) VALUES ('226efe22-afa0-464f-a5ac-34a9766661dc', '5d088815-978f-401a-96be-b970dec4b0a6', 'LibraryResource2', '{"json":{"version":"1.0","encoding":"utf-8"},"ns":{"sysml":"http://www.eclipse.org/syson/sysml"},"migration":{"lastMigrationPerformed":"none","migrationVersion":"2025.8.0-202508220000"},"content":[{"id":"59f5d79c-0ac3-490a-baca-8742c571c21d","eClass":"sysml:Namespace","data":{"elementId":"ccfb1770-8220-4a24-aa26-167ac0ec979a","ownedRelationship":[{"id":"5ca327d9-37f8-4ba0-a90c-dc93c9cd1594","eClass":"sysml:OwningMembership","data":{"elementId":"6459dc20-3686-448d-8e1f-445759c80294","ownedRelatedElement":[{"id":"ba4e961d-ad56-4745-a9d3-22727f396ccf","eClass":"sysml:Package","data":{"declaredName":"Package2","elementId":"4c08bfeb-8768-4804-8a48-9a67a62b7aa6","ownedRelationship":[{"id":"9c445f63-163e-42e0-a7d6-b8dd656b894a","eClass":"sysml:NamespaceImport","data":{"elementId":"c406055f-40e8-4a89-a0ea-27266c4eb760","importedNamespace":"sysml:LibraryPackage 441e2fa4-6564-4a9a-b06f-607f541d038f#3cf13cf5-f6fd-4d22-bd4f-71c2c5db67e1"}},{"id":"9ebc43df-a20d-4473-a90e-91ebba231880","eClass":"sysml:OwningMembership","data":{"elementId":"0b63080f-c0d7-4e9e-847a-dc91795ed433","ownedRelatedElement":[{"id":"51c7e344-ddc9-4bd0-aa7a-7b5e9e2263c6","eClass":"sysml:AttributeDefinition","data":{"declaredName":"AttributeDefinition2","elementId":"4afabe99-5674-4872-ae9b-9e705ac52678"}}]}},{"id":"5fb4ea0e-4235-4e9d-ad4f-e9afa59a45c7","eClass":"sysml:OwningMembership","data":{"elementId":"bdac0cb5-981f-4605-add1-74392312c509","ownedRelatedElement":[{"id":"465be5ed-b05b-4d8f-a3be-217dc6e4632e","eClass":"sysml:AttributeUsage","data":{"declaredName":"attribute1","elementId":"0d925502-950e-4de3-982c-5e9e6f43cfd0","ownedRelationship":[{"id":"50cca8d9-a11a-499c-b776-013f814dad0b","eClass":"sysml:FeatureTyping","data":{"elementId":"484ee8f5-88b6-4cae-b0b7-b3caceeba3a7","type":"sysml:AttributeDefinition 441e2fa4-6564-4a9a-b06f-607f541d038f#60206a12-f2cf-42e6-ab64-4f3f4aab86dc","typedFeature":"465be5ed-b05b-4d8f-a3be-217dc6e4632e"}}],"isComposite":true}}]}},{"id":"b0b204c2-a212-432c-a764-97c6338c04da","eClass":"sysml:OwningMembership","data":{"elementId":"099ce5ae-4211-4ecc-8bf6-c73dde262e96","ownedRelatedElement":[{"id":"d93177e5-f100-4e36-bc8c-2b885526b7b4","eClass":"sysml:AttributeUsage","data":{"declaredName":"attribute2","elementId":"73270e9d-a4e0-4c17-9511-65cf13dfe20b","ownedRelationship":[{"id":"61051359-3195-4e5a-8991-02f19ef6559f","eClass":"sysml:FeatureTyping","data":{"elementId":"ea4277c1-3510-463d-914c-d2f48cee5ad0","type":"51c7e344-ddc9-4bd0-aa7a-7b5e9e2263c6","typedFeature":"d93177e5-f100-4e36-bc8c-2b885526b7b4"}}],"isComposite":true}}]}},{"id":"5e20aae6-e054-4d7a-b85e-dc82c5308153","eClass":"sysml:OwningMembership","data":{"elementId":"5757a9b5-c9f7-49d8-be1d-533768c6c39b","ownedRelatedElement":[{"id":"848d81ee-80f8-4d4b-8070-b78c07f11391","eClass":"sysml:AttributeUsage","data":{"declaredName":"attribute3","elementId":"0404fcc4-1649-4949-a217-36050e943f77","isComposite":true}}]}},{"id":"39fd411f-c56e-4bda-b80b-eec5c370faea","eClass":"sysml:OwningMembership","data":{"elementId":"287a65c9-426e-4049-ad52-54cd86e9219f","ownedRelatedElement":[{"id":"52029fd9-7935-429f-a827-89c833949175","eClass":"sysml:AttributeUsage","data":{"declaredName":"attribute4","elementId":"69a14a44-8cb6-4b53-9572-1776b920f22f","ownedRelationship":[{"id":"b867828d-726c-4024-898f-9a19638f7744","eClass":"sysml:FeatureTyping","data":{"elementId":"8e0cacb2-53e6-4788-9ee8-de3c660a5ad8","type":"sysml:AttributeDefinition 441e2fa4-6564-4a9a-b06f-607f541d038f#60206a12-f2cf-42e6-ab64-4f3f4aab86dc","typedFeature":"52029fd9-7935-429f-a827-89c833949175"}}],"isComposite":true}}]}}]}}]}}]}}]}', '2025-11-28 10:35:42.349548+00', '2025-11-28 10:35:42.349548+00', false);
INSERT INTO public.document (id, semantic_data_id, name, content, created_on, last_modified_on, is_read_only) VALUES ('226efe22-afa0-464f-a5ac-34a9766661dc', 'a4aa2de2-cfaa-4d75-9c5d-6fd2b6c7f0fd', 'LibraryResource2', '{"json":{"version":"1.0","encoding":"utf-8"},"ns":{"sysml":"http://www.eclipse.org/syson/sysml"},"content":[{"id":"59f5d79c-0ac3-490a-baca-8742c571c21d","eClass":"sysml:Namespace","data":{"elementId":"ccfb1770-8220-4a24-aa26-167ac0ec979a","ownedRelationship":[{"id":"5ca327d9-37f8-4ba0-a90c-dc93c9cd1594","eClass":"sysml:OwningMembership","data":{"elementId":"6459dc20-3686-448d-8e1f-445759c80294","ownedRelatedElement":[{"id":"ba4e961d-ad56-4745-a9d3-22727f396ccf","eClass":"sysml:Package","data":{"declaredName":"Package2","elementId":"4c08bfeb-8768-4804-8a48-9a67a62b7aa6","ownedRelationship":[{"id":"9c445f63-163e-42e0-a7d6-b8dd656b894a","eClass":"sysml:NamespaceImport","data":{"elementId":"c406055f-40e8-4a89-a0ea-27266c4eb760","importedNamespace":"sysml:LibraryPackage 441e2fa4-6564-4a9a-b06f-607f541d038f#3cf13cf5-f6fd-4d22-bd4f-71c2c5db67e1"}},{"id":"9ebc43df-a20d-4473-a90e-91ebba231880","eClass":"sysml:OwningMembership","data":{"elementId":"0b63080f-c0d7-4e9e-847a-dc91795ed433","ownedRelatedElement":[{"id":"51c7e344-ddc9-4bd0-aa7a-7b5e9e2263c6","eClass":"sysml:AttributeDefinition","data":{"declaredName":"AttributeDefinition2","elementId":"4afabe99-5674-4872-ae9b-9e705ac52678"}}]}},{"id":"5fb4ea0e-4235-4e9d-ad4f-e9afa59a45c7","eClass":"sysml:OwningMembership","data":{"elementId":"bdac0cb5-981f-4605-add1-74392312c509","ownedRelatedElement":[{"id":"465be5ed-b05b-4d8f-a3be-217dc6e4632e","eClass":"sysml:AttributeUsage","data":{"declaredName":"attribute1","elementId":"0d925502-950e-4de3-982c-5e9e6f43cfd0","ownedRelationship":[{"id":"50cca8d9-a11a-499c-b776-013f814dad0b","eClass":"sysml:FeatureTyping","data":{"elementId":"484ee8f5-88b6-4cae-b0b7-b3caceeba3a7","type":"sysml:AttributeDefinition 441e2fa4-6564-4a9a-b06f-607f541d038f#60206a12-f2cf-42e6-ab64-4f3f4aab86dc","typedFeature":"465be5ed-b05b-4d8f-a3be-217dc6e4632e"}}],"isComposite":true}}]}},{"id":"b0b204c2-a212-432c-a764-97c6338c04da","eClass":"sysml:OwningMembership","data":{"elementId":"099ce5ae-4211-4ecc-8bf6-c73dde262e96","ownedRelatedElement":[{"id":"d93177e5-f100-4e36-bc8c-2b885526b7b4","eClass":"sysml:AttributeUsage","data":{"declaredName":"attribute2","elementId":"73270e9d-a4e0-4c17-9511-65cf13dfe20b","ownedRelationship":[{"id":"61051359-3195-4e5a-8991-02f19ef6559f","eClass":"sysml:FeatureTyping","data":{"elementId":"ea4277c1-3510-463d-914c-d2f48cee5ad0","type":"51c7e344-ddc9-4bd0-aa7a-7b5e9e2263c6","typedFeature":"d93177e5-f100-4e36-bc8c-2b885526b7b4"}}],"isComposite":true}}]}},{"id":"5e20aae6-e054-4d7a-b85e-dc82c5308153","eClass":"sysml:OwningMembership","data":{"elementId":"5757a9b5-c9f7-49d8-be1d-533768c6c39b","ownedRelatedElement":[{"id":"848d81ee-80f8-4d4b-8070-b78c07f11391","eClass":"sysml:AttributeUsage","data":{"declaredName":"attribute3","elementId":"0404fcc4-1649-4949-a217-36050e943f77","isComposite":true}}]}},{"id":"39fd411f-c56e-4bda-b80b-eec5c370faea","eClass":"sysml:OwningMembership","data":{"elementId":"287a65c9-426e-4049-ad52-54cd86e9219f","ownedRelatedElement":[{"id":"52029fd9-7935-429f-a827-89c833949175","eClass":"sysml:AttributeUsage","data":{"declaredName":"attribute4","elementId":"69a14a44-8cb6-4b53-9572-1776b920f22f","ownedRelationship":[{"id":"b867828d-726c-4024-898f-9a19638f7744","eClass":"sysml:FeatureTyping","data":{"elementId":"8e0cacb2-53e6-4788-9ee8-de3c660a5ad8","type":"sysml:AttributeDefinition 441e2fa4-6564-4a9a-b06f-607f541d038f#60206a12-f2cf-42e6-ab64-4f3f4aab86dc","typedFeature":"52029fd9-7935-429f-a827-89c833949175"}}],"isComposite":true}}]}}]}}]}}]}}]}', '2025-11-28 10:35:51.888605+00', '2025-11-28 10:35:51.888605+00', false);
INSERT INTO public.document (id, semantic_data_id, name, content, created_on, last_modified_on, is_read_only) VALUES ('441e2fa4-6564-4a9a-b06f-607f541d038f', 'a4aa2de2-cfaa-4d75-9c5d-6fd2b6c7f0fd', 'LibraryResource3', '{"json":{"version":"1.0","encoding":"utf-8"},"ns":{"sysml":"http://www.eclipse.org/syson/sysml"},"content":[{"id":"b1c80afd-0c84-4287-99ca-766947f3e797","eClass":"sysml:Namespace","data":{"elementId":"ee83d13f-668d-4757-8aa5-3e4e39c30148","ownedRelationship":[{"id":"fbf8d217-1481-4dc5-95c4-b595811c534c","eClass":"sysml:OwningMembership","data":{"elementId":"81926eb6-4a35-41df-900f-513d825d24f9","ownedRelatedElement":[{"id":"3cf13cf5-f6fd-4d22-bd4f-71c2c5db67e1","eClass":"sysml:LibraryPackage","data":{"declaredName":"LibraryPackage1","elementId":"9f5bad4d-735c-4a9e-a8e3-b065ff9a998c","ownedRelationship":[{"id":"c180c99b-9159-426d-a6f1-33413550fb4c","eClass":"sysml:OwningMembership","data":{"elementId":"5a1d2bc7-f361-4f2a-8264-8e7c188f6d8d","ownedRelatedElement":[{"id":"60206a12-f2cf-42e6-ab64-4f3f4aab86dc","eClass":"sysml:AttributeDefinition","data":{"declaredName":"RenamedAndMovedAttributeDefinition1","elementId":"5f7370f9-84bf-4fc6-bf00-47b4a60252ef"}}]}}]}}]}}]}}]}', '2025-11-28 10:35:51.888605+00', '2025-11-28 10:35:51.888605+00', false);
INSERT INTO public.document (id, semantic_data_id, name, content, created_on, last_modified_on, is_read_only) VALUES ('441e2fa4-6564-4a9a-b06f-607f541d038f', '0e6584c5-3a49-43eb-a30a-8d71beb5ba10', 'LibraryResource3', '{"json":{"version":"1.0","encoding":"utf-8"},"ns":{"sysml":"http://www.eclipse.org/syson/sysml"},"content":[{"id":"b1c80afd-0c84-4287-99ca-766947f3e797","eClass":"sysml:Namespace","data":{"elementId":"ee83d13f-668d-4757-8aa5-3e4e39c30148","ownedRelationship":[{"id":"fbf8d217-1481-4dc5-95c4-b595811c534c","eClass":"sysml:OwningMembership","data":{"elementId":"81926eb6-4a35-41df-900f-513d825d24f9","ownedRelatedElement":[{"id":"3cf13cf5-f6fd-4d22-bd4f-71c2c5db67e1","eClass":"sysml:LibraryPackage","data":{"declaredName":"LibraryPackage1","elementId":"9f5bad4d-735c-4a9e-a8e3-b065ff9a998c","ownedRelationship":[{"id":"fde0d6cc-4ae0-4e07-b892-3c618748a205","eClass":"sysml:OwningMembership","data":{"elementId":"a24c7aff-ebf9-4dda-be01-a2c349e52d9d","ownedRelatedElement":[{"id":"f42f1957-2291-48a6-9ead-29ba3d0aee2d","eClass":"sysml:AttributeDefinition","data":{"declaredName":"AttributeDefinition3","elementId":"926af9e4-b36a-46c6-811a-99d237bc17bd"}}]}}]}}]}}]}}]}', '2025-11-28 10:31:19.236077+00', '2025-11-28 10:31:19.236077+00', false);
INSERT INTO public.document (id, semantic_data_id, name, content, created_on, last_modified_on, is_read_only) VALUES ('226efe22-afa0-464f-a5ac-34a9766661dc', '0e6584c5-3a49-43eb-a30a-8d71beb5ba10', 'LibraryResource2', '{"json":{"version":"1.0","encoding":"utf-8"},"ns":{"sysml":"http://www.eclipse.org/syson/sysml"},"content":[{"id":"59f5d79c-0ac3-490a-baca-8742c571c21d","eClass":"sysml:Namespace","data":{"elementId":"ccfb1770-8220-4a24-aa26-167ac0ec979a","ownedRelationship":[{"id":"5ca327d9-37f8-4ba0-a90c-dc93c9cd1594","eClass":"sysml:OwningMembership","data":{"elementId":"6459dc20-3686-448d-8e1f-445759c80294","ownedRelatedElement":[{"id":"ba4e961d-ad56-4745-a9d3-22727f396ccf","eClass":"sysml:Package","data":{"declaredName":"Package2","elementId":"4c08bfeb-8768-4804-8a48-9a67a62b7aa6","ownedRelationship":[{"id":"9c445f63-163e-42e0-a7d6-b8dd656b894a","eClass":"sysml:NamespaceImport","data":{"elementId":"c406055f-40e8-4a89-a0ea-27266c4eb760","importedNamespace":"sysml:LibraryPackage 441e2fa4-6564-4a9a-b06f-607f541d038f#3cf13cf5-f6fd-4d22-bd4f-71c2c5db67e1"}},{"id":"c0e105d8-71f5-461d-a91f-4fac5d49164c","eClass":"sysml:NamespaceImport","data":{"elementId":"ad81722d-c678-453f-bb13-fa4983c8a9d2","importedNamespace":"sysml:Package 629ae6a8-1c23-453f-aeb5-ca50e5b173e9#0d63b3e2-ca21-4bb8-9e2a-949ba0256e9a"}},{"id":"9ebc43df-a20d-4473-a90e-91ebba231880","eClass":"sysml:OwningMembership","data":{"elementId":"0b63080f-c0d7-4e9e-847a-dc91795ed433","ownedRelatedElement":[{"id":"51c7e344-ddc9-4bd0-aa7a-7b5e9e2263c6","eClass":"sysml:AttributeDefinition","data":{"declaredName":"AttributeDefinition2","elementId":"4afabe99-5674-4872-ae9b-9e705ac52678"}}]}},{"id":"5fb4ea0e-4235-4e9d-ad4f-e9afa59a45c7","eClass":"sysml:OwningMembership","data":{"elementId":"bdac0cb5-981f-4605-add1-74392312c509","ownedRelatedElement":[{"id":"465be5ed-b05b-4d8f-a3be-217dc6e4632e","eClass":"sysml:AttributeUsage","data":{"declaredName":"attribute1","elementId":"0d925502-950e-4de3-982c-5e9e6f43cfd0","ownedRelationship":[{"id":"50cca8d9-a11a-499c-b776-013f814dad0b","eClass":"sysml:FeatureTyping","data":{"elementId":"484ee8f5-88b6-4cae-b0b7-b3caceeba3a7","type":"sysml:AttributeDefinition 629ae6a8-1c23-453f-aeb5-ca50e5b173e9#60206a12-f2cf-42e6-ab64-4f3f4aab86dc","typedFeature":"465be5ed-b05b-4d8f-a3be-217dc6e4632e"}}],"isComposite":true}}]}},{"id":"b0b204c2-a212-432c-a764-97c6338c04da","eClass":"sysml:OwningMembership","data":{"elementId":"099ce5ae-4211-4ecc-8bf6-c73dde262e96","ownedRelatedElement":[{"id":"d93177e5-f100-4e36-bc8c-2b885526b7b4","eClass":"sysml:AttributeUsage","data":{"declaredName":"attribute2","elementId":"73270e9d-a4e0-4c17-9511-65cf13dfe20b","ownedRelationship":[{"id":"61051359-3195-4e5a-8991-02f19ef6559f","eClass":"sysml:FeatureTyping","data":{"elementId":"ea4277c1-3510-463d-914c-d2f48cee5ad0","type":"51c7e344-ddc9-4bd0-aa7a-7b5e9e2263c6","typedFeature":"d93177e5-f100-4e36-bc8c-2b885526b7b4"}}],"isComposite":true}}]}},{"id":"5e20aae6-e054-4d7a-b85e-dc82c5308153","eClass":"sysml:OwningMembership","data":{"elementId":"5757a9b5-c9f7-49d8-be1d-533768c6c39b","ownedRelatedElement":[{"id":"848d81ee-80f8-4d4b-8070-b78c07f11391","eClass":"sysml:AttributeUsage","data":{"declaredName":"attribute3","elementId":"0404fcc4-1649-4949-a217-36050e943f77","ownedRelationship":[{"id":"e3540d70-4d0d-4bae-9c3d-d2ebb722b4d2","eClass":"sysml:FeatureTyping","data":{"elementId":"1abe822a-10b4-4ea6-a6dc-bce1774c5382","type":"sysml:AttributeDefinition 441e2fa4-6564-4a9a-b06f-607f541d038f#f42f1957-2291-48a6-9ead-29ba3d0aee2d","typedFeature":"848d81ee-80f8-4d4b-8070-b78c07f11391"}}],"isComposite":true}}]}}]}}]}}]}}]}', '2025-11-28 10:31:19.236077+00', '2025-11-28 10:31:19.236077+00', false);
INSERT INTO public.document (id, semantic_data_id, name, content, created_on, last_modified_on, is_read_only) VALUES ('629ae6a8-1c23-453f-aeb5-ca50e5b173e9', '0e6584c5-3a49-43eb-a30a-8d71beb5ba10', 'LibraryResource1', '{"json":{"version":"1.0","encoding":"utf-8"},"ns":{"sysml":"http://www.eclipse.org/syson/sysml"},"content":[{"id":"f2ece84e-f0b4-49b4-ab9d-df0ffdf23e9c","eClass":"sysml:Namespace","data":{"elementId":"ac87283d-79fe-4448-acc8-1993900b1add","ownedRelationship":[{"id":"5c57411b-ff62-4654-a39d-7ac45509bd92","eClass":"sysml:OwningMembership","data":{"elementId":"9540fb38-851e-4d23-9f84-0f05278915b6","ownedRelatedElement":[{"id":"0d63b3e2-ca21-4bb8-9e2a-949ba0256e9a","eClass":"sysml:Package","data":{"declaredName":"Package1","elementId":"61d363de-b5fe-480d-b02d-2a658125e1ee","ownedRelationship":[{"id":"c180c99b-9159-426d-a6f1-33413550fb4c","eClass":"sysml:OwningMembership","data":{"elementId":"5a1d2bc7-f361-4f2a-8264-8e7c188f6d8d","ownedRelatedElement":[{"id":"60206a12-f2cf-42e6-ab64-4f3f4aab86dc","eClass":"sysml:AttributeDefinition","data":{"declaredName":"AttributeDefinition1","elementId":"5f7370f9-84bf-4fc6-bf00-47b4a60252ef"}}]}}]}}]}}]}}]}', '2025-11-28 10:31:19.235494+00', '2025-11-28 10:31:19.235494+00', false);
INSERT INTO public.document (id, semantic_data_id, name, content, created_on, last_modified_on, is_read_only) VALUES ('45378daa-aca7-465f-81e1-b4bb5ed33204', '09ba2e1b-7f2b-4c5f-a536-9624ba470f74', 'ProjectUsingMyLibraryV1', '{"json":{"version":"1.0","encoding":"utf-8"},"ns":{"sysml":"http://www.eclipse.org/syson/sysml"},"migration":{"lastMigrationPerformed":"none","migrationVersion":"2025.8.0-202508220000"},"content":[{"id":"df89de96-197f-41b3-b903-1c998df9c4ec","eClass":"sysml:Namespace","data":{"elementId":"89dae848-98e4-4aa6-ae7f-2d7fc910db29","ownedRelationship":[{"id":"77d8b2e1-6e47-4a07-aa53-77acf6d12d88","eClass":"sysml:OwningMembership","data":{"elementId":"7b45a351-eafe-40d5-a7c3-bd5bd4d50384","ownedRelatedElement":[{"id":"d4abd2f3-4286-4cec-8b09-5adca4b2d264","eClass":"sysml:Package","data":{"declaredName":"Package0","elementId":"179b944b-5ca9-4ee0-9d88-f9614b4671d4","ownedRelationship":[{"id":"5b714ca1-d50c-406d-90f6-95c02b632606","eClass":"sysml:NamespaceImport","data":{"elementId":"8630ada7-6718-45bd-8efc-2fa75c108e40","importedNamespace":"sysml:LibraryPackage 441e2fa4-6564-4a9a-b06f-607f541d038f#3cf13cf5-f6fd-4d22-bd4f-71c2c5db67e1"}},{"id":"77c35395-d6a7-49e0-9546-18fbb940fe89","eClass":"sysml:NamespaceImport","data":{"elementId":"0de4b1b8-bbb8-4c0f-8797-0fda685608cf","importedNamespace":"sysml:Package 226efe22-afa0-464f-a5ac-34a9766661dc#ba4e961d-ad56-4745-a9d3-22727f396ccf"}},{"id":"650be45e-3b4e-4035-95fe-73c2689ac43b","eClass":"sysml:NamespaceImport","data":{"elementId":"934fa17f-c392-49ab-afc4-f3f4074cf5b7","importedNamespace":"sysml:Package 629ae6a8-1c23-453f-aeb5-ca50e5b173e9#0d63b3e2-ca21-4bb8-9e2a-949ba0256e9a"}},{"id":"f605e8f3-bf2b-442c-9485-fe7b32f3ad17","eClass":"sysml:OwningMembership","data":{"elementId":"f3baf240-58a1-4e19-aa37-29f37ddc7854","ownedRelatedElement":[{"id":"b87504a0-963a-41e0-aafd-2bf7a671799f","eClass":"sysml:ViewUsage","data":{"declaredName":"view1","elementId":"3f36ac8c-61c9-4884-aeaa-8624fa8be9a0","ownedRelationship":[{"id":"2dd50a8e-cd00-46d3-af74-5de895d6b6c3","eClass":"sysml:FeatureTyping","data":{"elementId":"c4263290-e168-487c-ae30-2d5987ccf5ef","type":"sysml:ViewDefinition sysmllibrary:///faf517ae-dbcd-30a4-b3b9-3d9cb3bbf5c1#03904fdf-d6f2-57b1-92d5-95d36b8208dc","typedFeature":"b87504a0-963a-41e0-aafd-2bf7a671799f"}},{"id":"592ef675-6012-46f8-b441-cfebd2d19283","eClass":"sysml:MembershipExpose","data":{"elementId":"b51723e8-7d65-4028-9b93-f6c822240516","importedMembership":"83b3c3e0-cf00-4219-98a8-16ff4fe0f1ef"}},{"id":"2247ba8b-c05c-488f-b82b-7112ad341724","eClass":"sysml:MembershipExpose","data":{"elementId":"cc789368-f112-4174-a310-33b3d134107c","importedMembership":"e461f27f-4f00-47a8-9cdc-3bdc7ce3067f"}},{"id":"4631ed48-4ee0-4ec7-b4ea-7d9459f73ed6","eClass":"sysml:MembershipExpose","data":{"elementId":"e4d8384d-96f2-42e2-8dab-f3f1322775eb","importedMembership":"6baba1d0-5480-48a4-81b9-ef3aa69e5035"}}]}}]}},{"id":"83b3c3e0-cf00-4219-98a8-16ff4fe0f1ef","eClass":"sysml:OwningMembership","data":{"elementId":"ec347379-c704-4cce-b873-5835ee8da67f","ownedRelatedElement":[{"id":"a948eb96-1493-4246-b5be-c4f73b9deeed","eClass":"sysml:AttributeUsage","data":{"declaredName":"attribute1","elementId":"e9340a1f-6c55-4c73-9c80-3900fc1fd1cc","ownedRelationship":[{"id":"0feff265-6f40-4cb9-9735-69e5a7321f52","eClass":"sysml:FeatureTyping","data":{"elementId":"e62e0131-d750-4326-929e-afbf68cf7c76","type":"sysml:AttributeDefinition 629ae6a8-1c23-453f-aeb5-ca50e5b173e9#60206a12-f2cf-42e6-ab64-4f3f4aab86dc","typedFeature":"a948eb96-1493-4246-b5be-c4f73b9deeed"}}],"isComposite":true}}]}},{"id":"e461f27f-4f00-47a8-9cdc-3bdc7ce3067f","eClass":"sysml:OwningMembership","data":{"elementId":"60d9002b-170e-4c25-bfda-665bbe594992","ownedRelatedElement":[{"id":"4f97089c-48f7-4d55-8ca6-27ab00a3693f","eClass":"sysml:AttributeUsage","data":{"declaredName":"attribute2","elementId":"b2fc34ab-cdbb-4e6b-80ab-f7c43e0d7883","ownedRelationship":[{"id":"662d6f11-700e-4732-b4a5-d197b1b74cf3","eClass":"sysml:FeatureTyping","data":{"elementId":"537b56f3-e180-4b0c-8876-9e45d1adaaa6","type":"sysml:AttributeDefinition 226efe22-afa0-464f-a5ac-34a9766661dc#51c7e344-ddc9-4bd0-aa7a-7b5e9e2263c6","typedFeature":"4f97089c-48f7-4d55-8ca6-27ab00a3693f"}}],"isComposite":true}}]}},{"id":"6baba1d0-5480-48a4-81b9-ef3aa69e5035","eClass":"sysml:OwningMembership","data":{"elementId":"2255d049-e76e-4ff6-b78f-2aba17f4e3ca","ownedRelatedElement":[{"id":"e71bf909-9c81-4ef6-8cab-5164563aed22","eClass":"sysml:AttributeUsage","data":{"declaredName":"attribute3","elementId":"c29db52c-084e-42a9-863c-cdd8a8d1159d","ownedRelationship":[{"id":"251f68e7-a86b-42f3-9c6c-100c32ba0725","eClass":"sysml:FeatureTyping","data":{"elementId":"d0a323b7-cc2c-4883-af0b-f955dd5ce805","type":"sysml:AttributeDefinition 441e2fa4-6564-4a9a-b06f-607f541d038f#f42f1957-2291-48a6-9ead-29ba3d0aee2d","typedFeature":"e71bf909-9c81-4ef6-8cab-5164563aed22"}}],"isComposite":true}}]}}]}}]}}]}}]}', '2025-11-28 10:46:11.528347+00', '2025-11-28 10:46:11.528347+00', false);


--
-- Data for Name: image; Type: TABLE DATA; Schema: public; Owner: dbuser
--



--
-- Data for Name: library; Type: TABLE DATA; Schema: public; Owner: dbuser
--

INSERT INTO public.library (id, namespace, name, version, semantic_data_id, description, created_on, last_modified_on) VALUES ('e0e21118-dd33-4b7f-8a01-1225b7232a09', 'c493d950-f81a-4e56-a454-f9e5ce1c839f', 'MyLibrary', 'v1', '0e6584c5-3a49-43eb-a30a-8d71beb5ba10', '', '2025-11-28 10:31:19.29459+00', '2025-11-28 10:31:19.29459+00');
INSERT INTO public.library (id, namespace, name, version, semantic_data_id, description, created_on, last_modified_on) VALUES ('12d5ba07-55c6-4f45-ae65-207824d57ac1', 'c493d950-f81a-4e56-a454-f9e5ce1c839f', 'MyLibrary', 'v2', 'a4aa2de2-cfaa-4d75-9c5d-6fd2b6c7f0fd', 'Deleted LibraryResource1, deleted AttributeDefinition3, renamed and moved AttributeDefinition1, added attribute4', '2025-11-28 10:35:51.930275+00', '2025-11-28 10:35:51.930275+00');


--
-- Data for Name: project; Type: TABLE DATA; Schema: public; Owner: dbuser
--

INSERT INTO public.project (id, name, created_on, last_modified_on) VALUES ('85ed22a4-81ad-46ac-a584-bf7259cd8568', 'ProjectUsingNoLibraries', '2025-11-28 10:27:12.638811+00', '2025-11-28 10:27:28.061803+00');
INSERT INTO public.project (id, name, created_on, last_modified_on) VALUES ('c493d950-f81a-4e56-a454-f9e5ce1c839f', 'MyLibrary', '2025-11-28 10:27:52.799508+00', '2025-11-28 10:28:02.054802+00');
INSERT INTO public.project (id, name, created_on, last_modified_on) VALUES ('3a06824a-a634-42ea-918f-817adc4b17a3', 'ProjectUsingMyLibraryV1', '2025-11-28 10:31:34.057556+00', '2025-11-28 10:31:46.031004+00');


--
-- Data for Name: nature; Type: TABLE DATA; Schema: public; Owner: dbuser
--



--
-- Data for Name: project_image; Type: TABLE DATA; Schema: public; Owner: dbuser
--



--
-- Data for Name: project_semantic_data; Type: TABLE DATA; Schema: public; Owner: dbuser
--

INSERT INTO public.project_semantic_data (id, project_id, semantic_data_id, name, created_on, last_modified_on) VALUES ('56ce5f94-7a1c-40b0-8fa9-7f50dc9d553f', '85ed22a4-81ad-46ac-a584-bf7259cd8568', 'bb9678c1-8f2e-440f-be06-628d1930ffc2', 'main', '2025-11-28 10:27:13.198373+00', '2025-11-28 10:27:13.198373+00');
INSERT INTO public.project_semantic_data (id, project_id, semantic_data_id, name, created_on, last_modified_on) VALUES ('1753a41c-f41e-4bc0-9166-707842f9cf8b', 'c493d950-f81a-4e56-a454-f9e5ce1c839f', '5d088815-978f-401a-96be-b970dec4b0a6', 'main', '2025-11-28 10:27:52.88545+00', '2025-11-28 10:27:52.88545+00');
INSERT INTO public.project_semantic_data (id, project_id, semantic_data_id, name, created_on, last_modified_on) VALUES ('ee84012d-66d2-4c80-b093-156417f17128', '3a06824a-a634-42ea-918f-817adc4b17a3', '09ba2e1b-7f2b-4c5f-a536-9624ba470f74', 'main', '2025-11-28 10:31:34.129047+00', '2025-11-28 10:31:34.129047+00');


--
-- Data for Name: representation_metadata; Type: TABLE DATA; Schema: public; Owner: dbuser
--

INSERT INTO public.representation_metadata (id, target_object_id, description_id, label, kind, created_on, last_modified_on, documentation, semantic_data_id) VALUES ('5dce91a5-39d2-49e0-a801-68ee4fb600b5', 'b87504a0-963a-41e0-aafd-2bf7a671799f', 'siriusComponents://representationDescription?kind=diagramDescription&sourceKind=view&sourceId=8dcd14b0-6259-3193-ad2c-743f394c68e4&sourceElementId=db495705-e917-319b-af55-a32ad63f4089', 'view1', 'siriusComponents://representation?type=Diagram', '2025-11-28 10:31:34.983185+00', '2025-11-28 10:31:34.983185+00', '', '09ba2e1b-7f2b-4c5f-a536-9624ba470f74');


--
-- Data for Name: representation_content; Type: TABLE DATA; Schema: public; Owner: dbuser
--

INSERT INTO public.representation_content (id, content, last_migration_performed, migration_version, created_on, last_modified_on) VALUES ('5dce91a5-39d2-49e0-a801-68ee4fb600b5', '{"id":"5dce91a5-39d2-49e0-a801-68ee4fb600b5","kind":"siriusComponents://representation?type=Diagram","targetObjectId":"b87504a0-963a-41e0-aafd-2bf7a671799f","descriptionId":"siriusComponents://representationDescription?kind=diagramDescription&sourceKind=view&sourceId=8dcd14b0-6259-3193-ad2c-743f394c68e4&sourceElementId=db495705-e917-319b-af55-a32ad63f4089","nodes":[{"id":"55c2fbdc-e752-3d87-93ec-78916db64012","type":"node:rectangle","targetObjectId":"e71bf909-9c81-4ef6-8cab-5164563aed22","targetObjectKind":"siriusComponents://semantic?domain=sysml&entity=AttributeUsage","targetObjectLabel":"attribute3","descriptionId":"siriusComponents://nodeDescription?sourceKind=view&sourceId=8dcd14b0-6259-3193-ad2c-743f394c68e4&sourceElementId=38cf838b-0cb1-3b5b-acc9-17ceb28e9d0f","borderNode":false,"initialBorderNodePosition":"NONE","modifiers":[],"state":"Normal","collapsingState":"EXPANDED","insideLabel":{"id":"f5d08df7-cb1e-36d6-9bea-08c239337149","text":"«attribute»\nattribute3 : AttributeDefinition3","insideLabelLocation":"TOP_CENTER","style":{"color":"#000000","fontSize":14,"bold":false,"italic":false,"underline":false,"strikeThrough":false,"iconURL":["/icons/full/obj16/AttributeUsage.svg"],"background":"transparent","borderColor":"black","borderSize":0,"borderRadius":3,"borderStyle":"Solid","maxWidth":null,"visibility":"visible"},"isHeader":true,"headerSeparatorDisplayMode":"IF_CHILDREN","overflowStrategy":"WRAP","textAlign":"CENTER","customizedStyleProperties":[]},"outsideLabels":[],"style":{"background":"#ffffff","borderColor":"#000000","borderSize":1,"borderRadius":10,"borderStyle":"Solid","childrenLayoutStrategy":{"areChildNodesDraggable":false,"topGap":0,"bottomGap":0,"growableNodeIds":[],"kind":"List"}},"borderNodes":[],"childNodes":[{"id":"ca2a3039-58cf-3c7d-bcca-6b7f92409d49","type":"node:rectangle","targetObjectId":"e71bf909-9c81-4ef6-8cab-5164563aed22","targetObjectKind":"siriusComponents://semantic?domain=sysml&entity=AttributeUsage","targetObjectLabel":"attribute3","descriptionId":"siriusComponents://nodeDescription?sourceKind=view&sourceId=8dcd14b0-6259-3193-ad2c-743f394c68e4&sourceElementId=b6a2f60e-98ca-315c-9ced-4144bc84323f","borderNode":false,"initialBorderNodePosition":"NONE","modifiers":["Hidden"],"state":"Hidden","collapsingState":"EXPANDED","insideLabel":{"id":"451a5314-af3d-3671-8c46-afa3fdc8c712","text":"doc","insideLabelLocation":"TOP_CENTER","style":{"color":"#000000","fontSize":12,"bold":false,"italic":true,"underline":false,"strikeThrough":false,"iconURL":[],"background":"transparent","borderColor":"black","borderSize":0,"borderRadius":3,"borderStyle":"Solid","maxWidth":null,"visibility":"visible"},"isHeader":true,"headerSeparatorDisplayMode":"NEVER","overflowStrategy":"NONE","textAlign":"CENTER","customizedStyleProperties":[]},"outsideLabels":[],"style":{"background":"transparent","borderColor":"#000000","borderSize":1,"borderRadius":0,"borderStyle":"Solid","childrenLayoutStrategy":{"areChildNodesDraggable":true,"topGap":0,"bottomGap":10,"growableNodeIds":[],"kind":"List"}},"borderNodes":[],"childNodes":[],"defaultWidth":155,"defaultHeight":60,"labelEditable":false,"pinned":false,"customizedStyleProperties":[]},{"id":"a80241f6-d5ac-34ef-ac76-7732124384de","type":"node:rectangle","targetObjectId":"e71bf909-9c81-4ef6-8cab-5164563aed22","targetObjectKind":"siriusComponents://semantic?domain=sysml&entity=AttributeUsage","targetObjectLabel":"attribute3","descriptionId":"siriusComponents://nodeDescription?sourceKind=view&sourceId=8dcd14b0-6259-3193-ad2c-743f394c68e4&sourceElementId=9b7e1c89-a541-32a5-963c-23e6d2243042","borderNode":false,"initialBorderNodePosition":"NONE","modifiers":["Hidden"],"state":"Hidden","collapsingState":"EXPANDED","insideLabel":{"id":"6468aab0-8da2-3f9a-8ba3-11b0b7557298","text":"attributes","insideLabelLocation":"TOP_CENTER","style":{"color":"#000000","fontSize":12,"bold":false,"italic":true,"underline":false,"strikeThrough":false,"iconURL":[],"background":"transparent","borderColor":"black","borderSize":0,"borderRadius":3,"borderStyle":"Solid","maxWidth":null,"visibility":"visible"},"isHeader":true,"headerSeparatorDisplayMode":"NEVER","overflowStrategy":"NONE","textAlign":"CENTER","customizedStyleProperties":[]},"outsideLabels":[],"style":{"background":"transparent","borderColor":"#000000","borderSize":1,"borderRadius":0,"borderStyle":"Solid","childrenLayoutStrategy":{"areChildNodesDraggable":true,"topGap":0,"bottomGap":10,"growableNodeIds":[],"kind":"List"}},"borderNodes":[],"childNodes":[],"defaultWidth":155,"defaultHeight":60,"labelEditable":false,"pinned":false,"customizedStyleProperties":[]},{"id":"8a02446f-78c3-3c7f-9273-c84cc74cc527","type":"node:rectangle","targetObjectId":"e71bf909-9c81-4ef6-8cab-5164563aed22","targetObjectKind":"siriusComponents://semantic?domain=sysml&entity=AttributeUsage","targetObjectLabel":"attribute3","descriptionId":"siriusComponents://nodeDescription?sourceKind=view&sourceId=8dcd14b0-6259-3193-ad2c-743f394c68e4&sourceElementId=a81f207c-230d-3d46-a78f-c8320521461b","borderNode":false,"initialBorderNodePosition":"NONE","modifiers":["Hidden"],"state":"Hidden","collapsingState":"EXPANDED","insideLabel":{"id":"374832b0-e0c9-3c0d-ae35-143ac816c7c7","text":"references","insideLabelLocation":"TOP_CENTER","style":{"color":"#000000","fontSize":12,"bold":false,"italic":true,"underline":false,"strikeThrough":false,"iconURL":[],"background":"transparent","borderColor":"black","borderSize":0,"borderRadius":3,"borderStyle":"Solid","maxWidth":null,"visibility":"visible"},"isHeader":true,"headerSeparatorDisplayMode":"NEVER","overflowStrategy":"NONE","textAlign":"CENTER","customizedStyleProperties":[]},"outsideLabels":[],"style":{"background":"transparent","borderColor":"#000000","borderSize":1,"borderRadius":0,"borderStyle":"Solid","childrenLayoutStrategy":{"areChildNodesDraggable":true,"topGap":0,"bottomGap":10,"growableNodeIds":[],"kind":"List"}},"borderNodes":[],"childNodes":[],"defaultWidth":155,"defaultHeight":60,"labelEditable":false,"pinned":false,"customizedStyleProperties":[]}],"defaultWidth":155,"defaultHeight":60,"labelEditable":true,"pinned":false,"customizedStyleProperties":[]},{"id":"8e0a5da8-6672-3fec-8860-7e26bcc01fe0","type":"node:rectangle","targetObjectId":"a948eb96-1493-4246-b5be-c4f73b9deeed","targetObjectKind":"siriusComponents://semantic?domain=sysml&entity=AttributeUsage","targetObjectLabel":"attribute1","descriptionId":"siriusComponents://nodeDescription?sourceKind=view&sourceId=8dcd14b0-6259-3193-ad2c-743f394c68e4&sourceElementId=38cf838b-0cb1-3b5b-acc9-17ceb28e9d0f","borderNode":false,"initialBorderNodePosition":"NONE","modifiers":[],"state":"Normal","collapsingState":"EXPANDED","insideLabel":{"id":"9642ea4d-a805-3a46-b615-3c4068ad2633","text":"«attribute»\nattribute1 : AttributeDefinition1","insideLabelLocation":"TOP_CENTER","style":{"color":"#000000","fontSize":14,"bold":false,"italic":false,"underline":false,"strikeThrough":false,"iconURL":["/icons/full/obj16/AttributeUsage.svg"],"background":"transparent","borderColor":"black","borderSize":0,"borderRadius":3,"borderStyle":"Solid","maxWidth":null,"visibility":"visible"},"isHeader":true,"headerSeparatorDisplayMode":"IF_CHILDREN","overflowStrategy":"WRAP","textAlign":"CENTER","customizedStyleProperties":[]},"outsideLabels":[],"style":{"background":"#ffffff","borderColor":"#000000","borderSize":1,"borderRadius":10,"borderStyle":"Solid","childrenLayoutStrategy":{"areChildNodesDraggable":false,"topGap":0,"bottomGap":0,"growableNodeIds":[],"kind":"List"}},"borderNodes":[],"childNodes":[{"id":"5cf3a5ec-2bb4-3533-90c1-1c52cb252907","type":"node:rectangle","targetObjectId":"a948eb96-1493-4246-b5be-c4f73b9deeed","targetObjectKind":"siriusComponents://semantic?domain=sysml&entity=AttributeUsage","targetObjectLabel":"attribute1","descriptionId":"siriusComponents://nodeDescription?sourceKind=view&sourceId=8dcd14b0-6259-3193-ad2c-743f394c68e4&sourceElementId=b6a2f60e-98ca-315c-9ced-4144bc84323f","borderNode":false,"initialBorderNodePosition":"NONE","modifiers":["Hidden"],"state":"Hidden","collapsingState":"EXPANDED","insideLabel":{"id":"0fbdee0f-a92d-30c4-8080-ec7a489fe38f","text":"doc","insideLabelLocation":"TOP_CENTER","style":{"color":"#000000","fontSize":12,"bold":false,"italic":true,"underline":false,"strikeThrough":false,"iconURL":[],"background":"transparent","borderColor":"black","borderSize":0,"borderRadius":3,"borderStyle":"Solid","maxWidth":null,"visibility":"visible"},"isHeader":true,"headerSeparatorDisplayMode":"NEVER","overflowStrategy":"NONE","textAlign":"CENTER","customizedStyleProperties":[]},"outsideLabels":[],"style":{"background":"transparent","borderColor":"#000000","borderSize":1,"borderRadius":0,"borderStyle":"Solid","childrenLayoutStrategy":{"areChildNodesDraggable":true,"topGap":0,"bottomGap":10,"growableNodeIds":[],"kind":"List"}},"borderNodes":[],"childNodes":[],"defaultWidth":155,"defaultHeight":60,"labelEditable":false,"pinned":false,"customizedStyleProperties":[]},{"id":"291488eb-c648-3aab-b9cb-d96cfd243af1","type":"node:rectangle","targetObjectId":"a948eb96-1493-4246-b5be-c4f73b9deeed","targetObjectKind":"siriusComponents://semantic?domain=sysml&entity=AttributeUsage","targetObjectLabel":"attribute1","descriptionId":"siriusComponents://nodeDescription?sourceKind=view&sourceId=8dcd14b0-6259-3193-ad2c-743f394c68e4&sourceElementId=9b7e1c89-a541-32a5-963c-23e6d2243042","borderNode":false,"initialBorderNodePosition":"NONE","modifiers":["Hidden"],"state":"Hidden","collapsingState":"EXPANDED","insideLabel":{"id":"198f1545-5fde-3072-8e12-25a24c86fb47","text":"attributes","insideLabelLocation":"TOP_CENTER","style":{"color":"#000000","fontSize":12,"bold":false,"italic":true,"underline":false,"strikeThrough":false,"iconURL":[],"background":"transparent","borderColor":"black","borderSize":0,"borderRadius":3,"borderStyle":"Solid","maxWidth":null,"visibility":"visible"},"isHeader":true,"headerSeparatorDisplayMode":"NEVER","overflowStrategy":"NONE","textAlign":"CENTER","customizedStyleProperties":[]},"outsideLabels":[],"style":{"background":"transparent","borderColor":"#000000","borderSize":1,"borderRadius":0,"borderStyle":"Solid","childrenLayoutStrategy":{"areChildNodesDraggable":true,"topGap":0,"bottomGap":10,"growableNodeIds":[],"kind":"List"}},"borderNodes":[],"childNodes":[],"defaultWidth":155,"defaultHeight":60,"labelEditable":false,"pinned":false,"customizedStyleProperties":[]},{"id":"e1a2eab1-af1c-3f9f-b2a1-aab611c7dbbf","type":"node:rectangle","targetObjectId":"a948eb96-1493-4246-b5be-c4f73b9deeed","targetObjectKind":"siriusComponents://semantic?domain=sysml&entity=AttributeUsage","targetObjectLabel":"attribute1","descriptionId":"siriusComponents://nodeDescription?sourceKind=view&sourceId=8dcd14b0-6259-3193-ad2c-743f394c68e4&sourceElementId=a81f207c-230d-3d46-a78f-c8320521461b","borderNode":false,"initialBorderNodePosition":"NONE","modifiers":["Hidden"],"state":"Hidden","collapsingState":"EXPANDED","insideLabel":{"id":"7de5db06-394f-31f0-aebe-10639f59c15e","text":"references","insideLabelLocation":"TOP_CENTER","style":{"color":"#000000","fontSize":12,"bold":false,"italic":true,"underline":false,"strikeThrough":false,"iconURL":[],"background":"transparent","borderColor":"black","borderSize":0,"borderRadius":3,"borderStyle":"Solid","maxWidth":null,"visibility":"visible"},"isHeader":true,"headerSeparatorDisplayMode":"NEVER","overflowStrategy":"NONE","textAlign":"CENTER","customizedStyleProperties":[]},"outsideLabels":[],"style":{"background":"transparent","borderColor":"#000000","borderSize":1,"borderRadius":0,"borderStyle":"Solid","childrenLayoutStrategy":{"areChildNodesDraggable":true,"topGap":0,"bottomGap":10,"growableNodeIds":[],"kind":"List"}},"borderNodes":[],"childNodes":[],"defaultWidth":155,"defaultHeight":60,"labelEditable":false,"pinned":false,"customizedStyleProperties":[]}],"defaultWidth":155,"defaultHeight":60,"labelEditable":true,"pinned":false,"customizedStyleProperties":[]},{"id":"b905458c-b7d6-35c3-93af-510fc3b9948e","type":"node:rectangle","targetObjectId":"4f97089c-48f7-4d55-8ca6-27ab00a3693f","targetObjectKind":"siriusComponents://semantic?domain=sysml&entity=AttributeUsage","targetObjectLabel":"attribute2","descriptionId":"siriusComponents://nodeDescription?sourceKind=view&sourceId=8dcd14b0-6259-3193-ad2c-743f394c68e4&sourceElementId=38cf838b-0cb1-3b5b-acc9-17ceb28e9d0f","borderNode":false,"initialBorderNodePosition":"NONE","modifiers":[],"state":"Normal","collapsingState":"EXPANDED","insideLabel":{"id":"c67626f3-528d-3009-b346-ee61f402abb4","text":"«attribute»\nattribute2 : AttributeDefinition2","insideLabelLocation":"TOP_CENTER","style":{"color":"#000000","fontSize":14,"bold":false,"italic":false,"underline":false,"strikeThrough":false,"iconURL":["/icons/full/obj16/AttributeUsage.svg"],"background":"transparent","borderColor":"black","borderSize":0,"borderRadius":3,"borderStyle":"Solid","maxWidth":null,"visibility":"visible"},"isHeader":true,"headerSeparatorDisplayMode":"IF_CHILDREN","overflowStrategy":"WRAP","textAlign":"CENTER","customizedStyleProperties":[]},"outsideLabels":[],"style":{"background":"#ffffff","borderColor":"#000000","borderSize":1,"borderRadius":10,"borderStyle":"Solid","childrenLayoutStrategy":{"areChildNodesDraggable":false,"topGap":0,"bottomGap":0,"growableNodeIds":[],"kind":"List"}},"borderNodes":[],"childNodes":[{"id":"918bb2cb-de89-3a2f-9eed-4340d6911540","type":"node:rectangle","targetObjectId":"4f97089c-48f7-4d55-8ca6-27ab00a3693f","targetObjectKind":"siriusComponents://semantic?domain=sysml&entity=AttributeUsage","targetObjectLabel":"attribute2","descriptionId":"siriusComponents://nodeDescription?sourceKind=view&sourceId=8dcd14b0-6259-3193-ad2c-743f394c68e4&sourceElementId=b6a2f60e-98ca-315c-9ced-4144bc84323f","borderNode":false,"initialBorderNodePosition":"NONE","modifiers":["Hidden"],"state":"Hidden","collapsingState":"EXPANDED","insideLabel":{"id":"45f0c6f4-2420-3543-9194-2d4627d64fcb","text":"doc","insideLabelLocation":"TOP_CENTER","style":{"color":"#000000","fontSize":12,"bold":false,"italic":true,"underline":false,"strikeThrough":false,"iconURL":[],"background":"transparent","borderColor":"black","borderSize":0,"borderRadius":3,"borderStyle":"Solid","maxWidth":null,"visibility":"visible"},"isHeader":true,"headerSeparatorDisplayMode":"NEVER","overflowStrategy":"NONE","textAlign":"CENTER","customizedStyleProperties":[]},"outsideLabels":[],"style":{"background":"transparent","borderColor":"#000000","borderSize":1,"borderRadius":0,"borderStyle":"Solid","childrenLayoutStrategy":{"areChildNodesDraggable":true,"topGap":0,"bottomGap":10,"growableNodeIds":[],"kind":"List"}},"borderNodes":[],"childNodes":[],"defaultWidth":155,"defaultHeight":60,"labelEditable":false,"pinned":false,"customizedStyleProperties":[]},{"id":"2287d017-7145-3f68-806d-8767cc0d416c","type":"node:rectangle","targetObjectId":"4f97089c-48f7-4d55-8ca6-27ab00a3693f","targetObjectKind":"siriusComponents://semantic?domain=sysml&entity=AttributeUsage","targetObjectLabel":"attribute2","descriptionId":"siriusComponents://nodeDescription?sourceKind=view&sourceId=8dcd14b0-6259-3193-ad2c-743f394c68e4&sourceElementId=9b7e1c89-a541-32a5-963c-23e6d2243042","borderNode":false,"initialBorderNodePosition":"NONE","modifiers":["Hidden"],"state":"Hidden","collapsingState":"EXPANDED","insideLabel":{"id":"9927f988-062f-3544-9531-2979c8e76316","text":"attributes","insideLabelLocation":"TOP_CENTER","style":{"color":"#000000","fontSize":12,"bold":false,"italic":true,"underline":false,"strikeThrough":false,"iconURL":[],"background":"transparent","borderColor":"black","borderSize":0,"borderRadius":3,"borderStyle":"Solid","maxWidth":null,"visibility":"visible"},"isHeader":true,"headerSeparatorDisplayMode":"NEVER","overflowStrategy":"NONE","textAlign":"CENTER","customizedStyleProperties":[]},"outsideLabels":[],"style":{"background":"transparent","borderColor":"#000000","borderSize":1,"borderRadius":0,"borderStyle":"Solid","childrenLayoutStrategy":{"areChildNodesDraggable":true,"topGap":0,"bottomGap":10,"growableNodeIds":[],"kind":"List"}},"borderNodes":[],"childNodes":[],"defaultWidth":155,"defaultHeight":60,"labelEditable":false,"pinned":false,"customizedStyleProperties":[]},{"id":"8c908de8-06e7-364c-b37f-3bb88cda8c5f","type":"node:rectangle","targetObjectId":"4f97089c-48f7-4d55-8ca6-27ab00a3693f","targetObjectKind":"siriusComponents://semantic?domain=sysml&entity=AttributeUsage","targetObjectLabel":"attribute2","descriptionId":"siriusComponents://nodeDescription?sourceKind=view&sourceId=8dcd14b0-6259-3193-ad2c-743f394c68e4&sourceElementId=a81f207c-230d-3d46-a78f-c8320521461b","borderNode":false,"initialBorderNodePosition":"NONE","modifiers":["Hidden"],"state":"Hidden","collapsingState":"EXPANDED","insideLabel":{"id":"07a916dc-e8b2-3e00-826c-86a21ce950a7","text":"references","insideLabelLocation":"TOP_CENTER","style":{"color":"#000000","fontSize":12,"bold":false,"italic":true,"underline":false,"strikeThrough":false,"iconURL":[],"background":"transparent","borderColor":"black","borderSize":0,"borderRadius":3,"borderStyle":"Solid","maxWidth":null,"visibility":"visible"},"isHeader":true,"headerSeparatorDisplayMode":"NEVER","overflowStrategy":"NONE","textAlign":"CENTER","customizedStyleProperties":[]},"outsideLabels":[],"style":{"background":"transparent","borderColor":"#000000","borderSize":1,"borderRadius":0,"borderStyle":"Solid","childrenLayoutStrategy":{"areChildNodesDraggable":true,"topGap":0,"bottomGap":10,"growableNodeIds":[],"kind":"List"}},"borderNodes":[],"childNodes":[],"defaultWidth":155,"defaultHeight":60,"labelEditable":false,"pinned":false,"customizedStyleProperties":[]}],"defaultWidth":155,"defaultHeight":60,"labelEditable":true,"pinned":false,"customizedStyleProperties":[]}],"edges":[],"layoutData":{"nodeLayoutData":{"8a02446f-78c3-3c7f-9273-c84cc74cc527":{"id":"8a02446f-78c3-3c7f-9273-c84cc74cc527","position":{"x":0.0,"y":0.0},"size":{"width":155.0,"height":60.0},"resizedByUser":false,"movedByUser":false,"handleLayoutData":[]},"55c2fbdc-e752-3d87-93ec-78916db64012":{"id":"55c2fbdc-e752-3d87-93ec-78916db64012","position":{"x":299.5180763473054,"y":265.1404752994012},"size":{"width":155.0,"height":82.0},"resizedByUser":false,"movedByUser":false,"handleLayoutData":[]},"a80241f6-d5ac-34ef-ac76-7732124384de":{"id":"a80241f6-d5ac-34ef-ac76-7732124384de","position":{"x":0.0,"y":0.0},"size":{"width":155.0,"height":60.0},"resizedByUser":false,"movedByUser":false,"handleLayoutData":[]},"291488eb-c648-3aab-b9cb-d96cfd243af1":{"id":"291488eb-c648-3aab-b9cb-d96cfd243af1","position":{"x":0.0,"y":0.0},"size":{"width":155.0,"height":60.0},"resizedByUser":false,"movedByUser":false,"handleLayoutData":[]},"918bb2cb-de89-3a2f-9eed-4340d6911540":{"id":"918bb2cb-de89-3a2f-9eed-4340d6911540","position":{"x":0.0,"y":0.0},"size":{"width":155.0,"height":60.0},"resizedByUser":false,"movedByUser":false,"handleLayoutData":[]},"2287d017-7145-3f68-806d-8767cc0d416c":{"id":"2287d017-7145-3f68-806d-8767cc0d416c","position":{"x":0.0,"y":0.0},"size":{"width":155.0,"height":60.0},"resizedByUser":false,"movedByUser":false,"handleLayoutData":[]},"8e0a5da8-6672-3fec-8860-7e26bcc01fe0":{"id":"8e0a5da8-6672-3fec-8860-7e26bcc01fe0","position":{"x":150.85101047904192,"y":-84.29066242514969},"size":{"width":155.0,"height":82.0},"resizedByUser":false,"movedByUser":false,"handleLayoutData":[]},"8c908de8-06e7-364c-b37f-3bb88cda8c5f":{"id":"8c908de8-06e7-364c-b37f-3bb88cda8c5f","position":{"x":0.0,"y":0.0},"size":{"width":155.0,"height":60.0},"resizedByUser":false,"movedByUser":false,"handleLayoutData":[]},"ca2a3039-58cf-3c7d-bcca-6b7f92409d49":{"id":"ca2a3039-58cf-3c7d-bcca-6b7f92409d49","position":{"x":0.0,"y":0.0},"size":{"width":155.0,"height":60.0},"resizedByUser":false,"movedByUser":false,"handleLayoutData":[]},"e1a2eab1-af1c-3f9f-b2a1-aab611c7dbbf":{"id":"e1a2eab1-af1c-3f9f-b2a1-aab611c7dbbf","position":{"x":0.0,"y":0.0},"size":{"width":155.0,"height":60.0},"resizedByUser":false,"movedByUser":false,"handleLayoutData":[]},"b905458c-b7d6-35c3-93af-510fc3b9948e":{"id":"b905458c-b7d6-35c3-93af-510fc3b9948e","position":{"x":252.50370508982036,"y":125.36802020958085},"size":{"width":155.0,"height":82.0},"resizedByUser":false,"movedByUser":false,"handleLayoutData":[]},"5cf3a5ec-2bb4-3533-90c1-1c52cb252907":{"id":"5cf3a5ec-2bb4-3533-90c1-1c52cb252907","position":{"x":0.0,"y":0.0},"size":{"width":155.0,"height":60.0},"resizedByUser":false,"movedByUser":false,"handleLayoutData":[]}},"edgeLayoutData":{},"labelLayoutData":{}}}', 'none', '2025.8.0-202506301700', '2025-11-28 10:31:35.007505+00', '2025-11-28 10:32:51.994061+00');


--
-- Data for Name: semantic_data_dependency; Type: TABLE DATA; Schema: public; Owner: dbuser
--

INSERT INTO public.semantic_data_dependency (semantic_data_id, dependency_semantic_data_id, index) VALUES ('09ba2e1b-7f2b-4c5f-a536-9624ba470f74', '0e6584c5-3a49-43eb-a30a-8d71beb5ba10', 0);


--
-- Data for Name: semantic_data_domain; Type: TABLE DATA; Schema: public; Owner: dbuser
--

INSERT INTO public.semantic_data_domain (semantic_data_id, uri) VALUES ('bb9678c1-8f2e-440f-be06-628d1930ffc2', 'http://www.eclipse.org/syson/sysml');
INSERT INTO public.semantic_data_domain (semantic_data_id, uri) VALUES ('0e6584c5-3a49-43eb-a30a-8d71beb5ba10', 'http://www.eclipse.org/syson/sysml');
INSERT INTO public.semantic_data_domain (semantic_data_id, uri) VALUES ('5d088815-978f-401a-96be-b970dec4b0a6', 'http://www.eclipse.org/syson/sysml');
INSERT INTO public.semantic_data_domain (semantic_data_id, uri) VALUES ('a4aa2de2-cfaa-4d75-9c5d-6fd2b6c7f0fd', 'http://www.eclipse.org/syson/sysml');
INSERT INTO public.semantic_data_domain (semantic_data_id, uri) VALUES ('09ba2e1b-7f2b-4c5f-a536-9624ba470f74', 'http://www.eclipse.org/syson/sysml');


--
-- PostgreSQL database dump complete
--

